time_utc,product_id,title,price,category,rating_rate,stock
2026-09-30 10:20:26 UTC,1,Essence Mascara Lash Princess,9.99,beauty,2.56,99
2026-09-30 10:20:26 UTC,2,Eyeshadow Palette with Mirror,19.99,beauty,2.86,34
2026-09-30 10:20:26 UTC,3,Powder Canister,14.99,beauty,4.64,89
2026-09-30 10:20:26 UTC,4,Red Lipstick,12.99,beauty,4.36,91
2026-09-30 10:20:26 UTC,5,Red Nail Polish,8.99,beauty,4.32,79
2026-09-30 10:20:26 UTC,6,Calvin Klein CK One,49.99,fragrances,4.37,29
2026-09-30 10:20:26 UTC,7,Chanel Coco Noir Eau De,129.99,fragrances,4.26,58
2026-09-30 10:20:26 UTC,8,Dior J'adore,89.99,fragrances,3.8,98
2026-09-30 10:20:26 UTC,9,Dolce Shine Eau de,69.99,fragrances,3.96,4
2026-09-30 10:20:26 UTC,10,Gucci Bloom Eau de,79.99,fragrances,2.74,91
2026-09-30 10:20:26 UTC,11,Annibale Colombo Bed,1899.99,furniture,4.77,88
2026-09-30 10:20:26 UTC,12,Annibale Colombo Sofa,2499.99,furniture,3.92,60
2026-09-30 10:20:26 UTC,13,Bedside Table African Cherry,299.99,furniture,2.87,64
2026-09-30 10:20:26 UTC,14,Knoll Saarinen Executive Conference Chair,499.99,furniture,4.88,26
2026-09-30 10:20:26 UTC,15,Wooden Bathroom Sink With Mirror,799.99,furniture,3.59,7
2026-09-30 10:20:26 UTC,16,Apple,1.99,groceries,4.19,8
2026-09-30 10:20:26 UTC,17,Beef Steak,12.99,groceries,4.47,86
2026-09-30 10:20:26 UTC,18,Cat Food,8.99,groceries,3.13,46
2026-09-30 10:20:26 UTC,19,Chicken Meat,9.99,groceries,3.19,97
2026-09-30 10:20:26 UTC,20,Cooking Oil,4.99,groceries,4.8,10
2026-09-30 10:20:26 UTC,21,Cucumber,1.49,groceries,4.07,84
2026-09-30 10:20:26 UTC,22,Dog Food,10.99,groceries,4.55,71
2026-09-30 10:20:26 UTC,23,Eggs,2.99,groceries,2.53,9
2026-09-30 10:20:26 UTC,24,Fish Steak,14.99,groceries,3.78,74
2026-09-30 10:20:26 UTC,25,Green Bell Pepper,1.29,groceries,3.25,33
2026-09-30 10:20:26 UTC,26,Green Chili Pepper,0.99,groceries,3.66,3
2026-09-30 10:20:26 UTC,27,Honey Jar,6.99,groceries,3.97,34
2026-09-30 10:20:26 UTC,28,Ice Cream,5.49,groceries,3.39,27
2026-09-30 10:20:26 UTC,29,Juice,3.99,groceries,3.94,50
2026-09-30 10:20:26 UTC,30,Kiwi,2.49,groceries,4.93,99
2026-09-30 10:20:26 UTC,31,Lemon,0.79,groceries,3.53,31
2026-09-30 10:20:26 UTC,32,Milk,3.49,groceries,2.61,27
2026-09-30 10:20:26 UTC,33,Mulberry,4.99,groceries,4.95,99
2026-09-30 10:20:26 UTC,34,Nescafe Coffee,7.99,groceries,4.82,57
2026-09-30 10:20:26 UTC,35,Potatoes,2.29,groceries,4.81,13
2026-09-30 10:20:26 UTC,36,Protein Powder,19.99,groceries,4.18,80
2026-09-30 10:20:26 UTC,37,Red Onions,1.99,groceries,4.2,82
2026-09-30 10:20:26 UTC,38,Rice,5.99,groceries,3.18,59
2026-09-30 10:20:26 UTC,39,Soft Drinks,1.99,groceries,4.75,53
2026-09-30 10:20:26 UTC,40,Strawberry,3.99,groceries,3.08,46
2026-09-30 10:20:26 UTC,41,Tissue Paper Box,2.49,groceries,2.69,86
2026-09-30 10:20:26 UTC,42,Water,0.99,groceries,4.96,53
2026-09-30 10:20:26 UTC,43,Decoration Swing,59.99,home-decoration,3.16,47
2026-09-30 10:20:26 UTC,44,Family Tree Photo Frame,29.99,home-decoration,4.53,77
2026-09-30 10:20:26 UTC,45,House Showpiece Plant,39.99,home-decoration,4.67,28
2026-09-30 10:20:26 UTC,46,Plant Pot,14.99,home-decoration,3.01,59
2026-09-30 10:20:26 UTC,47,Table Lamp,49.99,home-decoration,3.55,9
2026-09-30 10:20:26 UTC,48,Bamboo Spatula,7.99,kitchen-accessories,3.27,37
2026-09-30 10:20:26 UTC,49,Black Aluminium Cup,5.99,kitchen-accessories,4.46,75
2026-09-30 10:20:26 UTC,50,Black Whisk,9.99,kitchen-accessories,3.9,73
2026-09-30 10:20:26 UTC,51,Boxed Blender,39.99,kitchen-accessories,4.56,9
2026-09-30 10:20:26 UTC,52,Carbon Steel Wok,29.99,kitchen-accessories,4.05,40
2026-09-30 10:20:26 UTC,53,Chopping Board,12.99,kitchen-accessories,3.7,14
2026-09-30 10:20:26 UTC,54,Citrus Squeezer Yellow,8.99,kitchen-accessories,4.63,22
2026-09-30 10:20:26 UTC,55,Egg Slicer,6.99,kitchen-accessories,3.09,40
2026-09-30 10:20:26 UTC,56,Electric Stove,49.99,kitchen-accessories,4.11,21
2026-09-30 10:20:26 UTC,57,Fine Mesh Strainer,9.99,kitchen-accessories,3.04,85
2026-09-30 10:20:26 UTC,58,Fork,3.99,kitchen-accessories,3.11,7
2026-09-30 10:20:26 UTC,59,Glass,4.99,kitchen-accessories,4.02,46
2026-09-30 10:20:26 UTC,60,Grater Black,10.99,kitchen-accessories,3.21,84
2026-09-30 10:20:26 UTC,61,Hand Blender,34.99,kitchen-accessories,3.86,84
2026-09-30 10:20:26 UTC,62,Ice Cube Tray,5.99,kitchen-accessories,4.71,13
2026-09-30 10:20:26 UTC,63,Kitchen Sieve,7.99,kitchen-accessories,3.09,68
2026-09-30 10:20:26 UTC,64,Knife,14.99,kitchen-accessories,3.26,7
2026-09-30 10:20:26 UTC,65,Lunch Box,12.99,kitchen-accessories,4.93,94
2026-09-30 10:20:26 UTC,66,Microwave Oven,89.99,kitchen-accessories,4.82,59
2026-09-30 10:20:26 UTC,67,Mug Tree Stand,15.99,kitchen-accessories,2.64,88
2026-09-30 10:20:26 UTC,68,Pan,24.99,kitchen-accessories,2.79,90
2026-09-30 10:20:26 UTC,69,Plate,3.99,kitchen-accessories,3.65,66
2026-09-30 10:20:26 UTC,70,Red Tongs,6.99,kitchen-accessories,4.42,82
2026-09-30 10:20:26 UTC,71,Silver Pot With Glass Cap,39.99,kitchen-accessories,3.22,40
2026-09-30 10:20:26 UTC,72,Slotted Turner,8.99,kitchen-accessories,3.4,88
2026-09-30 10:20:26 UTC,73,Spice Rack,19.99,kitchen-accessories,4.87,79
2026-09-30 10:20:26 UTC,74,Spoon,4.99,kitchen-accessories,4.03,59
2026-09-30 10:20:26 UTC,75,Tray,16.99,kitchen-accessories,4.62,71
2026-09-30 10:20:26 UTC,76,Wooden Rolling Pin,11.99,kitchen-accessories,2.92,80
2026-09-30 10:20:26 UTC,77,Yellow Peeler,5.99,kitchen-accessories,4.24,35
2026-09-30 10:20:26 UTC,78,Apple MacBook Pro 14 Inch Space Grey,1999.99,laptops,3.65,24
2026-09-30 10:20:26 UTC,79,Asus Zenbook Pro Dual Screen Laptop,1799.99,laptops,3.95,45
2026-09-30 10:20:26 UTC,80,Huawei Matebook X Pro,1399.99,laptops,4.98,75
2026-09-30 10:20:26 UTC,81,Lenovo Yoga 920,1099.99,laptops,2.86,40
2026-09-30 10:20:26 UTC,82,New DELL XPS 13 9300 Laptop,1499.99,laptops,2.67,74
2026-09-30 10:20:26 UTC,83,Blue & Black Check Shirt,29.99,mens-shirts,3.64,38
2026-09-30 10:20:26 UTC,84,Gigabyte Aorus Men Tshirt,24.99,mens-shirts,3.18,90
2026-09-30 10:20:26 UTC,85,Man Plaid Shirt,34.99,mens-shirts,3.46,82
2026-09-30 10:20:26 UTC,86,Man Short Sleeve Shirt,19.99,mens-shirts,2.9,2
2026-09-30 10:20:26 UTC,87,Men Check Shirt,27.99,mens-shirts,2.72,95
2026-09-30 10:20:26 UTC,88,Nike Air Jordan 1 Red And Black,149.99,mens-shoes,4.77,7
2026-09-30 10:20:26 UTC,89,Nike Baseball Cleats,79.99,mens-shoes,3.88,12
2026-09-30 10:20:26 UTC,90,Puma Future Rider Trainers,89.99,mens-shoes,4.9,90
2026-09-30 10:20:26 UTC,91,Sports Sneakers Off White & Red,119.99,mens-shoes,4.77,17
2026-09-30 10:20:26 UTC,92,Sports Sneakers Off White Red,109.99,mens-shoes,4.69,62
2026-09-30 10:20:26 UTC,93,Brown Leather Belt Watch,89.99,mens-watches,4.19,32
2026-09-30 10:20:26 UTC,94,Longines Master Collection,1499.99,mens-watches,3.87,100
2026-09-30 10:20:26 UTC,95,Rolex Cellini Date Black Dial,8999.99,mens-watches,4.97,40
2026-09-30 10:20:26 UTC,96,Rolex Cellini Moonphase,12999.99,mens-watches,2.58,36
2026-09-30 10:20:26 UTC,97,Rolex Datejust,10999.99,mens-watches,3.66,86
2026-09-30 10:20:26 UTC,98,Rolex Submariner Watch,13999.99,mens-watches,2.69,55
2026-09-30 10:20:26 UTC,99,Amazon Echo Plus,99.99,mobile-accessories,4.99,61
2026-09-30 10:20:26 UTC,100,Apple Airpods,129.99,mobile-accessories,4.15,67
2026-10-01 00:25:17 UTC,1,Essence Mascara Lash Princess,9.99,beauty,2.56,99
2026-10-01 00:25:17 UTC,2,Eyeshadow Palette with Mirror,19.99,beauty,2.86,34
2026-10-01 00:25:17 UTC,3,Powder Canister,14.99,beauty,4.64,89
2026-10-01 00:25:17 UTC,4,Red Lipstick,12.99,beauty,4.36,91
2026-10-01 00:25:17 UTC,5,Red Nail Polish,8.99,beauty,4.32,79
2026-10-01 00:25:17 UTC,6,Calvin Klein CK One,49.99,fragrances,4.37,29
2026-10-01 00:25:17 UTC,7,Chanel Coco Noir Eau De,129.99,fragrances,4.26,58
2026-10-01 00:25:17 UTC,8,Dior J'adore,89.99,fragrances,3.8,98
2026-10-01 00:25:17 UTC,9,Dolce Shine Eau de,69.99,fragrances,3.96,4
2026-10-01 00:25:17 UTC,10,Gucci Bloom Eau de,79.99,fragrances,2.74,91
2026-10-01 00:25:17 UTC,11,Annibale Colombo Bed,1899.99,furniture,4.77,88
2026-10-01 00:25:17 UTC,12,Annibale Colombo Sofa,2499.99,furniture,3.92,60
2026-10-01 00:25:17 UTC,13,Bedside Table African Cherry,299.99,furniture,2.87,64
2026-10-01 00:25:17 UTC,14,Knoll Saarinen Executive Conference Chair,499.99,furniture,4.88,26
2026-10-01 00:25:17 UTC,15,Wooden Bathroom Sink With Mirror,799.99,furniture,3.59,7
2026-10-01 00:25:17 UTC,16,Apple,1.99,groceries,4.19,8
2026-10-01 00:25:17 UTC,17,Beef Steak,12.99,groceries,4.47,86
2026-10-01 00:25:17 UTC,18,Cat Food,8.99,groceries,3.13,46
2026-10-01 00:25:17 UTC,19,Chicken Meat,9.99,groceries,3.19,97
2026-10-01 00:25:17 UTC,20,Cooking Oil,4.99,groceries,4.8,10
2026-10-01 00:25:17 UTC,21,Cucumber,1.49,groceries,4.07,84
2026-10-01 00:25:17 UTC,22,Dog Food,10.99,groceries,4.55,71
2026-10-01 00:25:17 UTC,23,Eggs,2.99,groceries,2.53,9
2026-10-01 00:25:17 UTC,24,Fish Steak,14.99,groceries,3.78,74
2026-10-01 00:25:17 UTC,25,Green Bell Pepper,1.29,groceries,3.25,33
2026-10-01 00:25:17 UTC,26,Green Chili Pepper,0.99,groceries,3.66,3
2026-10-01 00:25:17 UTC,27,Honey Jar,6.99,groceries,3.97,34
2026-10-01 00:25:17 UTC,28,Ice Cream,5.49,groceries,3.39,27
2026-10-01 00:25:17 UTC,29,Juice,3.99,groceries,3.94,50
2026-10-01 00:25:17 UTC,30,Kiwi,2.49,groceries,4.93,99
2026-10-01 00:25:17 UTC,31,Lemon,0.79,groceries,3.53,31
2026-10-01 00:25:17 UTC,32,Milk,3.49,groceries,2.61,27
2026-10-01 00:25:17 UTC,33,Mulberry,4.99,groceries,4.95,99
2026-10-01 00:25:17 UTC,34,Nescafe Coffee,7.99,groceries,4.82,57
2026-10-01 00:25:17 UTC,35,Potatoes,2.29,groceries,4.81,13
2026-10-01 00:25:17 UTC,36,Protein Powder,19.99,groceries,4.18,80
2026-10-01 00:25:17 UTC,37,Red Onions,1.99,groceries,4.2,82
2026-10-01 00:25:17 UTC,38,Rice,5.99,groceries,3.18,59
2026-10-01 00:25:17 UTC,39,Soft Drinks,1.99,groceries,4.75,53
2026-10-01 00:25:17 UTC,40,Strawberry,3.99,groceries,3.08,46
2026-10-01 00:25:17 UTC,41,Tissue Paper Box,2.49,groceries,2.69,86
2026-10-01 00:25:17 UTC,42,Water,0.99,groceries,4.96,53
2026-10-01 00:25:17 UTC,43,Decoration Swing,59.99,home-decoration,3.16,47
2026-10-01 00:25:17 UTC,44,Family Tree Photo Frame,29.99,home-decoration,4.53,77
2026-10-01 00:25:17 UTC,45,House Showpiece Plant,39.99,home-decoration,4.67,28
2026-10-01 00:25:17 UTC,46,Plant Pot,14.99,home-decoration,3.01,59
2026-10-01 00:25:17 UTC,47,Table Lamp,49.99,home-decoration,3.55,9
2026-10-01 00:25:17 UTC,48,Bamboo Spatula,7.99,kitchen-accessories,3.27,37
2026-10-01 00:25:17 UTC,49,Black Aluminium Cup,5.99,kitchen-accessories,4.46,75
2026-10-01 00:25:17 UTC,50,Black Whisk,9.99,kitchen-accessories,3.9,73
2026-10-01 00:25:17 UTC,51,Boxed Blender,39.99,kitchen-accessories,4.56,9
2026-10-01 00:25:17 UTC,52,Carbon Steel Wok,29.99,kitchen-accessories,4.05,40
2026-10-01 00:25:17 UTC,53,Chopping Board,12.99,kitchen-accessories,3.7,14
2026-10-01 00:25:17 UTC,54,Citrus Squeezer Yellow,8.99,kitchen-accessories,4.63,22
2026-10-01 00:25:17 UTC,55,Egg Slicer,6.99,kitchen-accessories,3.09,40
2026-10-01 00:25:17 UTC,56,Electric Stove,49.99,kitchen-accessories,4.11,21
2026-10-01 00:25:17 UTC,57,Fine Mesh Strainer,9.99,kitchen-accessories,3.04,85
2026-10-01 00:25:17 UTC,58,Fork,3.99,kitchen-accessories,3.11,7
2026-10-01 00:25:17 UTC,59,Glass,4.99,kitchen-accessories,4.02,46
2026-10-01 00:25:17 UTC,60,Grater Black,10.99,kitchen-accessories,3.21,84
2026-10-01 00:25:17 UTC,61,Hand Blender,34.99,kitchen-accessories,3.86,84
2026-10-01 00:25:17 UTC,62,Ice Cube Tray,5.99,kitchen-accessories,4.71,13
2026-10-01 00:25:17 UTC,63,Kitchen Sieve,7.99,kitchen-accessories,3.09,68
2026-10-01 00:25:17 UTC,64,Knife,14.99,kitchen-accessories,3.26,7
2026-10-01 00:25:17 UTC,65,Lunch Box,12.99,kitchen-accessories,4.93,94
2026-10-01 00:25:17 UTC,66,Microwave Oven,89.99,kitchen-accessories,4.82,59
2026-10-01 00:25:17 UTC,67,Mug Tree Stand,15.99,kitchen-accessories,2.64,88
2026-10-01 00:25:17 UTC,68,Pan,24.99,kitchen-accessories,2.79,90
2026-10-01 00:25:17 UTC,69,Plate,3.99,kitchen-accessories,3.65,66
2026-10-01 00:25:17 UTC,70,Red Tongs,6.99,kitchen-accessories,4.42,82
2026-10-01 00:25:17 UTC,71,Silver Pot With Glass Cap,39.99,kitchen-accessories,3.22,40
2026-10-01 00:25:17 UTC,72,Slotted Turner,8.99,kitchen-accessories,3.4,88
2026-10-01 00:25:17 UTC,73,Spice Rack,19.99,kitchen-accessories,4.87,79
2026-10-01 00:25:17 UTC,74,Spoon,4.99,kitchen-accessories,4.03,59
2026-10-01 00:25:17 UTC,75,Tray,16.99,kitchen-accessories,4.62,71
2026-10-01 00:25:17 UTC,76,Wooden Rolling Pin,11.99,kitchen-accessories,2.92,80
2026-10-01 00:25:17 UTC,77,Yellow Peeler,5.99,kitchen-accessories,4.24,35
2026-10-01 00:25:17 UTC,78,Apple MacBook Pro 14 Inch Space Grey,1999.99,laptops,3.65,24
2026-10-01 00:25:17 UTC,79,Asus Zenbook Pro Dual Screen Laptop,1799.99,laptops,3.95,45
2026-10-01 00:25:17 UTC,80,Huawei Matebook X Pro,1399.99,laptops,4.98,75
2026-10-01 00:25:17 UTC,81,Lenovo Yoga 920,1099.99,laptops,2.86,40
2026-10-01 00:25:17 UTC,82,New DELL XPS 13 9300 Laptop,1499.99,laptops,2.67,74
2026-10-01 00:25:17 UTC,83,Blue & Black Check Shirt,29.99,mens-shirts,3.64,38
2026-10-01 00:25:17 UTC,84,Gigabyte Aorus Men Tshirt,24.99,mens-shirts,3.18,90
2026-10-01 00:25:17 UTC,85,Man Plaid Shirt,34.99,mens-shirts,3.46,82
2026-10-01 00:25:17 UTC,86,Man Short Sleeve Shirt,19.99,mens-shirts,2.9,2
2026-10-01 00:25:17 UTC,87,Men Check Shirt,27.99,mens-shirts,2.72,95
2026-10-01 00:25:17 UTC,88,Nike Air Jordan 1 Red And Black,149.99,mens-shoes,4.77,7
2026-10-01 00:25:17 UTC,89,Nike Baseball Cleats,79.99,mens-shoes,3.88,12
2026-10-01 00:25:17 UTC,90,Puma Future Rider Trainers,89.99,mens-shoes,4.9,90
2026-10-01 00:25:17 UTC,91,Sports Sneakers Off White & Red,119.99,mens-shoes,4.77,17
2026-10-01 00:25:17 UTC,92,Sports Sneakers Off White Red,109.99,mens-shoes,4.69,62
2026-10-01 00:25:17 UTC,93,Brown Leather Belt Watch,89.99,mens-watches,4.19,32
2026-10-01 00:25:17 UTC,94,Longines Master Collection,1499.99,mens-watches,3.87,100
2026-10-01 00:25:17 UTC,95,Rolex Cellini Date Black Dial,8999.99,mens-watches,4.97,40
2026-10-01 00:25:17 UTC,96,Rolex Cellini Moonphase,12999.99,mens-watches,2.58,36
2026-10-01 00:25:17 UTC,97,Rolex Datejust,10999.99,mens-watches,3.66,86
2026-10-01 00:25:17 UTC,98,Rolex Submariner Watch,13999.99,mens-watches,2.69,55
2026-10-01 00:25:17 UTC,99,Amazon Echo Plus,99.99,mobile-accessories,4.99,61
2026-10-01 00:25:17 UTC,100,Apple Airpods,129.99,mobile-accessories,4.15,67
2026-10-02 00:23:55 UTC,1,Essence Mascara Lash Princess,9.99,beauty,2.56,99
2026-10-02 00:23:55 UTC,2,Eyeshadow Palette with Mirror,19.99,beauty,2.86,34
2026-10-02 00:23:55 UTC,3,Powder Canister,14.99,beauty,4.64,89
2026-10-02 00:23:55 UTC,4,Red Lipstick,12.99,beauty,4.36,91
2026-10-02 00:23:55 UTC,5,Red Nail Polish,8.99,beauty,4.32,79
2026-10-02 00:23:55 UTC,6,Calvin Klein CK One,49.99,fragrances,4.37,29
2026-10-02 00:23:55 UTC,7,Chanel Coco Noir Eau De,129.99,fragrances,4.26,58
2026-10-02 00:23:55 UTC,8,Dior J'adore,89.99,fragrances,3.8,98
2026-10-02 00:23:55 UTC,9,Dolce Shine Eau de,69.99,fragrances,3.96,4
2026-10-02 00:23:55 UTC,10,Gucci Bloom Eau de,79.99,fragrances,2.74,91
2026-10-02 00:23:55 UTC,11,Annibale Colombo Bed,1899.99,furniture,4.77,88
2026-10-02 00:23:55 UTC,12,Annibale Colombo Sofa,2499.99,furniture,3.92,60
2026-10-02 00:23:55 UTC,13,Bedside Table African Cherry,299.99,furniture,2.87,64
2026-10-02 00:23:55 UTC,14,Knoll Saarinen Executive Conference Chair,499.99,furniture,4.88,26
2026-10-02 00:23:55 UTC,15,Wooden Bathroom Sink With Mirror,799.99,furniture,3.59,7
2026-10-02 00:23:55 UTC,16,Apple,1.99,groceries,4.19,8
2026-10-02 00:23:55 UTC,17,Beef Steak,12.99,groceries,4.47,86
2026-10-02 00:23:55 UTC,18,Cat Food,8.99,groceries,3.13,46
2026-10-02 00:23:55 UTC,19,Chicken Meat,9.99,groceries,3.19,97
2026-10-02 00:23:55 UTC,20,Cooking Oil,4.99,groceries,4.8,10
2026-10-02 00:23:55 UTC,21,Cucumber,1.49,groceries,4.07,84
2026-10-02 00:23:55 UTC,22,Dog Food,10.99,groceries,4.55,71
2026-10-02 00:23:55 UTC,23,Eggs,2.99,groceries,2.53,9
2026-10-02 00:23:55 UTC,24,Fish Steak,14.99,groceries,3.78,74
2026-10-02 00:23:55 UTC,25,Green Bell Pepper,1.29,groceries,3.25,33
2026-10-02 00:23:55 UTC,26,Green Chili Pepper,0.99,groceries,3.66,3
2026-10-02 00:23:55 UTC,27,Honey Jar,6.99,groceries,3.97,34
2026-10-02 00:23:55 UTC,28,Ice Cream,5.49,groceries,3.39,27
2026-10-02 00:23:55 UTC,29,Juice,3.99,groceries,3.94,50
2026-10-02 00:23:55 UTC,30,Kiwi,2.49,groceries,4.93,99
2026-10-02 00:23:55 UTC,31,Lemon,0.79,groceries,3.53,31
2026-10-02 00:23:55 UTC,32,Milk,3.49,groceries,2.61,27
2026-10-02 00:23:55 UTC,33,Mulberry,4.99,groceries,4.95,99
2026-10-02 00:23:55 UTC,34,Nescafe Coffee,7.99,groceries,4.82,57
2026-10-02 00:23:55 UTC,35,Potatoes,2.29,groceries,4.81,13
2026-10-02 00:23:55 UTC,36,Protein Powder,19.99,groceries,4.18,80
2026-10-02 00:23:55 UTC,37,Red Onions,1.99,groceries,4.2,82
2026-10-02 00:23:55 UTC,38,Rice,5.99,groceries,3.18,59
2026-10-02 00:23:55 UTC,39,Soft Drinks,1.99,groceries,4.75,53
2026-10-02 00:23:55 UTC,40,Strawberry,3.99,groceries,3.08,46
2026-10-02 00:23:55 UTC,41,Tissue Paper Box,2.49,groceries,2.69,86
2026-10-02 00:23:55 UTC,42,Water,0.99,groceries,4.96,53
2026-10-02 00:23:55 UTC,43,Decoration Swing,59.99,home-decoration,3.16,47
2026-10-02 00:23:55 UTC,44,Family Tree Photo Frame,29.99,home-decoration,4.53,77
2026-10-02 00:23:55 UTC,45,House Showpiece Plant,39.99,home-decoration,4.67,28
2026-10-02 00:23:55 UTC,46,Plant Pot,14.99,home-decoration,3.01,59
2026-10-02 00:23:55 UTC,47,Table Lamp,49.99,home-decoration,3.55,9
2026-10-02 00:23:55 UTC,48,Bamboo Spatula,7.99,kitchen-accessories,3.27,37
2026-10-02 00:23:55 UTC,49,Black Aluminium Cup,5.99,kitchen-accessories,4.46,75
2026-10-02 00:23:55 UTC,50,Black Whisk,9.99,kitchen-accessories,3.9,73
2026-10-02 00:23:55 UTC,51,Boxed Blender,39.99,kitchen-accessories,4.56,9
2026-10-02 00:23:55 UTC,52,Carbon Steel Wok,29.99,kitchen-accessories,4.05,40
2026-10-02 00:23:55 UTC,53,Chopping Board,12.99,kitchen-accessories,3.7,14
2026-10-02 00:23:55 UTC,54,Citrus Squeezer Yellow,8.99,kitchen-accessories,4.63,22
2026-10-02 00:23:55 UTC,55,Egg Slicer,6.99,kitchen-accessories,3.09,40
2026-10-02 00:23:55 UTC,56,Electric Stove,49.99,kitchen-accessories,4.11,21
2026-10-02 00:23:55 UTC,57,Fine Mesh Strainer,9.99,kitchen-accessories,3.04,85
2026-10-02 00:23:55 UTC,58,Fork,3.99,kitchen-accessories,3.11,7
2026-10-02 00:23:55 UTC,59,Glass,4.99,kitchen-accessories,4.02,46
2026-10-02 00:23:55 UTC,60,Grater Black,10.99,kitchen-accessories,3.21,84
2026-10-02 00:23:55 UTC,61,Hand Blender,34.99,kitchen-accessories,3.86,84
2026-10-02 00:23:55 UTC,62,Ice Cube Tray,5.99,kitchen-accessories,4.71,13
2026-10-02 00:23:55 UTC,63,Kitchen Sieve,7.99,kitchen-accessories,3.09,68
2026-10-02 00:23:55 UTC,64,Knife,14.99,kitchen-accessories,3.26,7
2026-10-02 00:23:55 UTC,65,Lunch Box,12.99,kitchen-accessories,4.93,94
2026-10-02 00:23:55 UTC,66,Microwave Oven,89.99,kitchen-accessories,4.82,59
2026-10-02 00:23:55 UTC,67,Mug Tree Stand,15.99,kitchen-accessories,2.64,88
2026-10-02 00:23:55 UTC,68,Pan,24.99,kitchen-accessories,2.79,90
2026-10-02 00:23:55 UTC,69,Plate,3.99,kitchen-accessories,3.65,66
2026-10-02 00:23:55 UTC,70,Red Tongs,6.99,kitchen-accessories,4.42,82
2026-10-02 00:23:55 UTC,71,Silver Pot With Glass Cap,39.99,kitchen-accessories,3.22,40
2026-10-02 00:23:55 UTC,72,Slotted Turner,8.99,kitchen-accessories,3.4,88
2026-10-02 00:23:55 UTC,73,Spice Rack,19.99,kitchen-accessories,4.87,79
2026-10-02 00:23:55 UTC,74,Spoon,4.99,kitchen-accessories,4.03,59
2026-10-02 00:23:55 UTC,75,Tray,16.99,kitchen-accessories,4.62,71
2026-10-02 00:23:55 UTC,76,Wooden Rolling Pin,11.99,kitchen-accessories,2.92,80
2026-10-02 00:23:55 UTC,77,Yellow Peeler,5.99,kitchen-accessories,4.24,35
2026-10-02 00:23:55 UTC,78,Apple MacBook Pro 14 Inch Space Grey,1999.99,laptops,3.65,24
2026-10-02 00:23:55 UTC,79,Asus Zenbook Pro Dual Screen Laptop,1799.99,laptops,3.95,45
2026-10-02 00:23:55 UTC,80,Huawei Matebook X Pro,1399.99,laptops,4.98,75
2026-10-02 00:23:55 UTC,81,Lenovo Yoga 920,1099.99,laptops,2.86,40
2026-10-02 00:23:55 UTC,82,New DELL XPS 13 9300 Laptop,1499.99,laptops,2.67,74
2026-10-02 00:23:55 UTC,83,Blue & Black Check Shirt,29.99,mens-shirts,3.64,38
2026-10-02 00:23:55 UTC,84,Gigabyte Aorus Men Tshirt,24.99,mens-shirts,3.18,90
2026-10-02 00:23:55 UTC,85,Man Plaid Shirt,34.99,mens-shirts,3.46,82
2026-10-02 00:23:55 UTC,86,Man Short Sleeve Shirt,19.99,mens-shirts,2.9,2
2026-10-02 00:23:55 UTC,87,Men Check Shirt,27.99,mens-shirts,2.72,95
2026-10-02 00:23:55 UTC,88,Nike Air Jordan 1 Red And Black,149.99,mens-shoes,4.77,7
2026-10-02 00:23:55 UTC,89,Nike Baseball Cleats,79.99,mens-shoes,3.88,12
2026-10-02 00:23:55 UTC,90,Puma Future Rider Trainers,89.99,mens-shoes,4.9,90
2026-10-02 00:23:55 UTC,91,Sports Sneakers Off White & Red,119.99,mens-shoes,4.77,17
2026-10-02 00:23:55 UTC,92,Sports Sneakers Off White Red,109.99,mens-shoes,4.69,62
2026-10-02 00:23:55 UTC,93,Brown Leather Belt Watch,89.99,mens-watches,4.19,32
2026-10-02 00:23:55 UTC,94,Longines Master Collection,1499.99,mens-watches,3.87,100
2026-10-02 00:23:55 UTC,95,Rolex Cellini Date Black Dial,8999.99,mens-watches,4.97,40
2026-10-02 00:23:55 UTC,96,Rolex Cellini Moonphase,12999.99,mens-watches,2.58,36
2026-10-02 00:23:55 UTC,97,Rolex Datejust,10999.99,mens-watches,3.66,86
2026-10-02 00:23:55 UTC,98,Rolex Submariner Watch,13999.99,mens-watches,2.69,55
2026-10-02 00:23:55 UTC,99,Amazon Echo Plus,99.99,mobile-accessories,4.99,61
2026-10-02 00:23:55 UTC,100,Apple Airpods,129.99,mobile-accessories,4.15,67
2026-10-03 00:22:05 UTC,1,Essence Mascara Lash Princess,9.99,beauty,2.56,99
2026-10-03 00:22:05 UTC,2,Eyeshadow Palette with Mirror,19.99,beauty,2.86,34
2026-10-03 00:22:05 UTC,3,Powder Canister,14.99,beauty,4.64,89
2026-10-03 00:22:05 UTC,4,Red Lipstick,12.99,beauty,4.36,91
2026-10-03 00:22:05 UTC,5,Red Nail Polish,8.99,beauty,4.32,79
2026-10-03 00:22:05 UTC,6,Calvin Klein CK One,49.99,fragrances,4.37,29
2026-10-03 00:22:05 UTC,7,Chanel Coco Noir Eau De,129.99,fragrances,4.26,58
2026-10-03 00:22:05 UTC,8,Dior J'adore,89.99,fragrances,3.8,98
2026-10-03 00:22:05 UTC,9,Dolce Shine Eau de,69.99,fragrances,3.96,4
2026-10-03 00:22:05 UTC,10,Gucci Bloom Eau de,79.99,fragrances,2.74,91
2026-10-03 00:22:05 UTC,11,Annibale Colombo Bed,1899.99,furniture,4.77,88
2026-10-03 00:22:05 UTC,12,Annibale Colombo Sofa,2499.99,furniture,3.92,60
2026-10-03 00:22:05 UTC,13,Bedside Table African Cherry,299.99,furniture,2.87,64
2026-10-03 00:22:05 UTC,14,Knoll Saarinen Executive Conference Chair,499.99,furniture,4.88,26
2026-10-03 00:22:05 UTC,15,Wooden Bathroom Sink With Mirror,799.99,furniture,3.59,7
2026-10-03 00:22:05 UTC,16,Apple,1.99,groceries,4.19,8
2026-10-03 00:22:05 UTC,17,Beef Steak,12.99,groceries,4.47,86
2026-10-03 00:22:05 UTC,18,Cat Food,8.99,groceries,3.13,46
2026-10-03 00:22:05 UTC,19,Chicken Meat,9.99,groceries,3.19,97
2026-10-03 00:22:05 UTC,20,Cooking Oil,4.99,groceries,4.8,10
2026-10-03 00:22:05 UTC,21,Cucumber,1.49,groceries,4.07,84
2026-10-03 00:22:05 UTC,22,Dog Food,10.99,groceries,4.55,71
2026-10-03 00:22:05 UTC,23,Eggs,2.99,groceries,2.53,9
2026-10-03 00:22:05 UTC,24,Fish Steak,14.99,groceries,3.78,74
2026-10-03 00:22:05 UTC,25,Green Bell Pepper,1.29,groceries,3.25,33
2026-10-03 00:22:05 UTC,26,Green Chili Pepper,0.99,groceries,3.66,3
2026-10-03 00:22:05 UTC,27,Honey Jar,6.99,groceries,3.97,34
2026-10-03 00:22:05 UTC,28,Ice Cream,5.49,groceries,3.39,27
2026-10-03 00:22:05 UTC,29,Juice,3.99,groceries,3.94,50
2026-10-03 00:22:05 UTC,30,Kiwi,2.49,groceries,4.93,99
2026-10-03 00:22:05 UTC,31,Lemon,0.79,groceries,3.53,31
2026-10-03 00:22:05 UTC,32,Milk,3.49,groceries,2.61,27
2026-10-03 00:22:05 UTC,33,Mulberry,4.99,groceries,4.95,99
2026-10-03 00:22:05 UTC,34,Nescafe Coffee,7.99,groceries,4.82,57
2026-10-03 00:22:05 UTC,35,Potatoes,2.29,groceries,4.81,13
2026-10-03 00:22:05 UTC,36,Protein Powder,19.99,groceries,4.18,80
2026-10-03 00:22:05 UTC,37,Red Onions,1.99,groceries,4.2,82
2026-10-03 00:22:05 UTC,38,Rice,5.99,groceries,3.18,59
2026-10-03 00:22:05 UTC,39,Soft Drinks,1.99,groceries,4.75,53
2026-10-03 00:22:05 UTC,40,Strawberry,3.99,groceries,3.08,46
2026-10-03 00:22:05 UTC,41,Tissue Paper Box,2.49,groceries,2.69,86
2026-10-03 00:22:05 UTC,42,Water,0.99,groceries,4.96,53
2026-10-03 00:22:05 UTC,43,Decoration Swing,59.99,home-decoration,3.16,47
2026-10-03 00:22:05 UTC,44,Family Tree Photo Frame,29.99,home-decoration,4.53,77
2026-10-03 00:22:05 UTC,45,House Showpiece Plant,39.99,home-decoration,4.67,28
2026-10-03 00:22:05 UTC,46,Plant Pot,14.99,home-decoration,3.01,59
2026-10-03 00:22:05 UTC,47,Table Lamp,49.99,home-decoration,3.55,9
2026-10-03 00:22:05 UTC,48,Bamboo Spatula,7.99,kitchen-accessories,3.27,37
2026-10-03 00:22:05 UTC,49,Black Aluminium Cup,5.99,kitchen-accessories,4.46,75
2026-10-03 00:22:05 UTC,50,Black Whisk,9.99,kitchen-accessories,3.9,73
2026-10-03 00:22:05 UTC,51,Boxed Blender,39.99,kitchen-accessories,4.56,9
2026-10-03 00:22:05 UTC,52,Carbon Steel Wok,29.99,kitchen-accessories,4.05,40
2026-10-03 00:22:05 UTC,53,Chopping Board,12.99,kitchen-accessories,3.7,14
2026-10-03 00:22:05 UTC,54,Citrus Squeezer Yellow,8.99,kitchen-accessories,4.63,22
2026-10-03 00:22:05 UTC,55,Egg Slicer,6.99,kitchen-accessories,3.09,40
2026-10-03 00:22:05 UTC,56,Electric Stove,49.99,kitchen-accessories,4.11,21
2026-10-03 00:22:05 UTC,57,Fine Mesh Strainer,9.99,kitchen-accessories,3.04,85
2026-10-03 00:22:05 UTC,58,Fork,3.99,kitchen-accessories,3.11,7
2026-10-03 00:22:05 UTC,59,Glass,4.99,kitchen-accessories,4.02,46
2026-10-03 00:22:05 UTC,60,Grater Black,10.99,kitchen-accessories,3.21,84
2026-10-03 00:22:05 UTC,61,Hand Blender,34.99,kitchen-accessories,3.86,84
2026-10-03 00:22:05 UTC,62,Ice Cube Tray,5.99,kitchen-accessories,4.71,13
2026-10-03 00:22:05 UTC,63,Kitchen Sieve,7.99,kitchen-accessories,3.09,68
2026-10-03 00:22:05 UTC,64,Knife,14.99,kitchen-accessories,3.26,7
2026-10-03 00:22:05 UTC,65,Lunch Box,12.99,kitchen-accessories,4.93,94
2026-10-03 00:22:05 UTC,66,Microwave Oven,89.99,kitchen-accessories,4.82,59
2026-10-03 00:22:05 UTC,67,Mug Tree Stand,15.99,kitchen-accessories,2.64,88
2026-10-03 00:22:05 UTC,68,Pan,24.99,kitchen-accessories,2.79,90
2026-10-03 00:22:05 UTC,69,Plate,3.99,kitchen-accessories,3.65,66
2026-10-03 00:22:05 UTC,70,Red Tongs,6.99,kitchen-accessories,4.42,82
2026-10-03 00:22:05 UTC,71,Silver Pot With Glass Cap,39.99,kitchen-accessories,3.22,40
2026-10-03 00:22:05 UTC,72,Slotted Turner,8.99,kitchen-accessories,3.4,88
2026-10-03 00:22:05 UTC,73,Spice Rack,19.99,kitchen-accessories,4.87,79
2026-10-03 00:22:05 UTC,74,Spoon,4.99,kitchen-accessories,4.03,59
2026-10-03 00:22:05 UTC,75,Tray,16.99,kitchen-accessories,4.62,71
2026-10-03 00:22:05 UTC,76,Wooden Rolling Pin,11.99,kitchen-accessories,2.92,80
2026-10-03 00:22:05 UTC,77,Yellow Peeler,5.99,kitchen-accessories,4.24,35
2026-10-03 00:22:05 UTC,78,Apple MacBook Pro 14 Inch Space Grey,1999.99,laptops,3.65,24
2026-10-03 00:22:05 UTC,79,Asus Zenbook Pro Dual Screen Laptop,1799.99,laptops,3.95,45
2026-10-03 00:22:05 UTC,80,Huawei Matebook X Pro,1399.99,laptops,4.98,75
2026-10-03 00:22:05 UTC,81,Lenovo Yoga 920,1099.99,laptops,2.86,40
2026-10-03 00:22:05 UTC,82,New DELL XPS 13 9300 Laptop,1499.99,laptops,2.67,74
2026-10-03 00:22:05 UTC,83,Blue & Black Check Shirt,29.99,mens-shirts,3.64,38
2026-10-03 00:22:05 UTC,84,Gigabyte Aorus Men Tshirt,24.99,mens-shirts,3.18,90
2026-10-03 00:22:05 UTC,85,Man Plaid Shirt,34.99,mens-shirts,3.46,82
2026-10-03 00:22:05 UTC,86,Man Short Sleeve Shirt,19.99,mens-shirts,2.9,2
2026-10-03 00:22:05 UTC,87,Men Check Shirt,27.99,mens-shirts,2.72,95
2026-10-03 00:22:05 UTC,88,Nike Air Jordan 1 Red And Black,149.99,mens-shoes,4.77,7
2026-10-03 00:22:05 UTC,89,Nike Baseball Cleats,79.99,mens-shoes,3.88,12
2026-10-03 00:22:05 UTC,90,Puma Future Rider Trainers,89.99,mens-shoes,4.9,90
2026-10-03 00:22:05 UTC,91,Sports Sneakers Off White & Red,119.99,mens-shoes,4.77,17
2026-10-03 00:22:05 UTC,92,Sports Sneakers Off White Red,109.99,mens-shoes,4.69,62
2026-10-03 00:22:05 UTC,93,Brown Leather Belt Watch,89.99,mens-watches,4.19,32
2026-10-03 00:22:05 UTC,94,Longines Master Collection,1499.99,mens-watches,3.87,100
2026-10-03 00:22:05 UTC,95,Rolex Cellini Date Black Dial,8999.99,mens-watches,4.97,40
2026-10-03 00:22:05 UTC,96,Rolex Cellini Moonphase,12999.99,mens-watches,2.58,36
2026-10-03 00:22:05 UTC,97,Rolex Datejust,10999.99,mens-watches,3.66,86
2026-10-03 00:22:05 UTC,98,Rolex Submariner Watch,13999.99,mens-watches,2.69,55
2026-10-03 00:22:05 UTC,99,Amazon Echo Plus,99.99,mobile-accessories,4.99,61
2026-10-03 00:22:05 UTC,100,Apple Airpods,129.99,mobile-accessories,4.15,67
2026-10-04 03:12:41 UTC,1,Essence Mascara Lash Princess,9.99,beauty,2.56,99
2026-10-04 03:12:41 UTC,2,Eyeshadow Palette with Mirror,19.99,beauty,2.86,34
2026-10-04 03:12:41 UTC,3,Powder Canister,14.99,beauty,4.64,89
2026-10-04 03:12:41 UTC,4,Red Lipstick,12.99,beauty,4.36,91
2026-10-04 03:12:41 UTC,5,Red Nail Polish,8.99,beauty,4.32,79
2026-10-04 03:12:41 UTC,6,Calvin Klein CK One,49.99,fragrances,4.37,29
2026-10-04 03:12:41 UTC,7,Chanel Coco Noir Eau De,129.99,fragrances,4.26,58
2026-10-04 03:12:41 UTC,8,Dior J'adore,89.99,fragrances,3.8,98
2026-10-04 03:12:41 UTC,9,Dolce Shine Eau de,69.99,fragrances,3.96,4
2026-10-04 03:12:41 UTC,10,Gucci Bloom Eau de,79.99,fragrances,2.74,91
2026-10-04 03:12:41 UTC,11,Annibale Colombo Bed,1899.99,furniture,4.77,88
2026-10-04 03:12:41 UTC,12,Annibale Colombo Sofa,2499.99,furniture,3.92,60
2026-10-04 03:12:41 UTC,13,Bedside Table African Cherry,299.99,furniture,2.87,64
2026-10-04 03:12:41 UTC,14,Knoll Saarinen Executive Conference Chair,499.99,furniture,4.88,26
2026-10-04 03:12:41 UTC,15,Wooden Bathroom Sink With Mirror,799.99,furniture,3.59,7
2026-10-04 03:12:41 UTC,16,Apple,1.99,groceries,4.19,8
2026-10-04 03:12:41 UTC,17,Beef Steak,12.99,groceries,4.47,86
2026-10-04 03:12:41 UTC,18,Cat Food,8.99,groceries,3.13,46
2026-10-04 03:12:41 UTC,19,Chicken Meat,9.99,groceries,3.19,97
2026-10-04 03:12:41 UTC,20,Cooking Oil,4.99,groceries,4.8,10
2026-10-04 03:12:41 UTC,21,Cucumber,1.49,groceries,4.07,84
2026-10-04 03:12:41 UTC,22,Dog Food,10.99,groceries,4.55,71
2026-10-04 03:12:41 UTC,23,Eggs,2.99,groceries,2.53,9
2026-10-04 03:12:41 UTC,24,Fish Steak,14.99,groceries,3.78,74
2026-10-04 03:12:41 UTC,25,Green Bell Pepper,1.29,groceries,3.25,33
2026-10-04 03:12:41 UTC,26,Green Chili Pepper,0.99,groceries,3.66,3
2026-10-04 03:12:41 UTC,27,Honey Jar,6.99,groceries,3.97,34
2026-10-04 03:12:41 UTC,28,Ice Cream,5.49,groceries,3.39,27
2026-10-04 03:12:41 UTC,29,Juice,3.99,groceries,3.94,50
2026-10-04 03:12:41 UTC,30,Kiwi,2.49,groceries,4.93,99
2026-10-04 03:12:41 UTC,31,Lemon,0.79,groceries,3.53,31
2026-10-04 03:12:41 UTC,32,Milk,3.49,groceries,2.61,27
2026-10-04 03:12:41 UTC,33,Mulberry,4.99,groceries,4.95,99
2026-10-04 03:12:41 UTC,34,Nescafe Coffee,7.99,groceries,4.82,57
2026-10-04 03:12:41 UTC,35,Potatoes,2.29,groceries,4.81,13
2026-10-04 03:12:41 UTC,36,Protein Powder,19.99,groceries,4.18,80
2026-10-04 03:12:41 UTC,37,Red Onions,1.99,groceries,4.2,82
2026-10-04 03:12:41 UTC,38,Rice,5.99,groceries,3.18,59
2026-10-04 03:12:41 UTC,39,Soft Drinks,1.99,groceries,4.75,53
2026-10-04 03:12:41 UTC,40,Strawberry,3.99,groceries,3.08,46
2026-10-04 03:12:41 UTC,41,Tissue Paper Box,2.49,groceries,2.69,86
2026-10-04 03:12:41 UTC,42,Water,0.99,groceries,4.96,53
2026-10-04 03:12:41 UTC,43,Decoration Swing,59.99,home-decoration,3.16,47
2026-10-04 03:12:41 UTC,44,Family Tree Photo Frame,29.99,home-decoration,4.53,77
2026-10-04 03:12:41 UTC,45,House Showpiece Plant,39.99,home-decoration,4.67,28
2026-10-04 03:12:41 UTC,46,Plant Pot,14.99,home-decoration,3.01,59
2026-10-04 03:12:41 UTC,47,Table Lamp,49.99,home-decoration,3.55,9
2026-10-04 03:12:41 UTC,48,Bamboo Spatula,7.99,kitchen-accessories,3.27,37
2026-10-04 03:12:41 UTC,49,Black Aluminium Cup,5.99,kitchen-accessories,4.46,75
2026-10-04 03:12:41 UTC,50,Black Whisk,9.99,kitchen-accessories,3.9,73
2026-10-04 03:12:41 UTC,51,Boxed Blender,39.99,kitchen-accessories,4.56,9
2026-10-04 03:12:41 UTC,52,Carbon Steel Wok,29.99,kitchen-accessories,4.05,40
2026-10-04 03:12:41 UTC,53,Chopping Board,12.99,kitchen-accessories,3.7,14
2026-10-04 03:12:41 UTC,54,Citrus Squeezer Yellow,8.99,kitchen-accessories,4.63,22
2026-10-04 03:12:41 UTC,55,Egg Slicer,6.99,kitchen-accessories,3.09,40
2026-10-04 03:12:41 UTC,56,Electric Stove,49.99,kitchen-accessories,4.11,21
2026-10-04 03:12:41 UTC,57,Fine Mesh Strainer,9.99,kitchen-accessories,3.04,85
2026-10-04 03:12:41 UTC,58,Fork,3.99,kitchen-accessories,3.11,7
2026-10-04 03:12:41 UTC,59,Glass,4.99,kitchen-accessories,4.02,46
2026-10-04 03:12:41 UTC,60,Grater Black,10.99,kitchen-accessories,3.21,84
2026-10-04 03:12:41 UTC,61,Hand Blender,34.99,kitchen-accessories,3.86,84
2026-10-04 03:12:41 UTC,62,Ice Cube Tray,5.99,kitchen-accessories,4.71,13
2026-10-04 03:12:41 UTC,63,Kitchen Sieve,7.99,kitchen-accessories,3.09,68
2026-10-04 03:12:41 UTC,64,Knife,14.99,kitchen-accessories,3.26,7
2026-10-04 03:12:41 UTC,65,Lunch Box,12.99,kitchen-accessories,4.93,94
2026-10-04 03:12:41 UTC,66,Microwave Oven,89.99,kitchen-accessories,4.82,59
2026-10-04 03:12:41 UTC,67,Mug Tree Stand,15.99,kitchen-accessories,2.64,88
2026-10-04 03:12:41 UTC,68,Pan,24.99,kitchen-accessories,2.79,90
2026-10-04 03:12:41 UTC,69,Plate,3.99,kitchen-accessories,3.65,66
2026-10-04 03:12:41 UTC,70,Red Tongs,6.99,kitchen-accessories,4.42,82
2026-10-04 03:12:41 UTC,71,Silver Pot With Glass Cap,39.99,kitchen-accessories,3.22,40
2026-10-04 03:12:41 UTC,72,Slotted Turner,8.99,kitchen-accessories,3.4,88
2026-10-04 03:12:41 UTC,73,Spice Rack,19.99,kitchen-accessories,4.87,79
2026-10-04 03:12:41 UTC,74,Spoon,4.99,kitchen-accessories,4.03,59
2026-10-04 03:12:41 UTC,75,Tray,16.99,kitchen-accessories,4.62,71
2026-10-04 03:12:41 UTC,76,Wooden Rolling Pin,11.99,kitchen-accessories,2.92,80
2026-10-04 03:12:41 UTC,77,Yellow Peeler,5.99,kitchen-accessories,4.24,35
2026-10-04 03:12:41 UTC,78,Apple MacBook Pro 14 Inch Space Grey,1999.99,laptops,3.65,24
2026-10-04 03:12:41 UTC,79,Asus Zenbook Pro Dual Screen Laptop,1799.99,laptops,3.95,45
2026-10-04 03:12:41 UTC,80,Huawei Matebook X Pro,1399.99,laptops,4.98,75
2026-10-04 03:12:41 UTC,81,Lenovo Yoga 920,1099.99,laptops,2.86,40
2026-10-04 03:12:41 UTC,82,New DELL XPS 13 9300 Laptop,1499.99,laptops,2.67,74
2026-10-04 03:12:41 UTC,83,Blue & Black Check Shirt,29.99,mens-shirts,3.64,38
2026-10-04 03:12:41 UTC,84,Gigabyte Aorus Men Tshirt,24.99,mens-shirts,3.18,90
2026-10-04 03:12:41 UTC,85,Man Plaid Shirt,34.99,mens-shirts,3.46,82
2026-10-04 03:12:41 UTC,86,Man Short Sleeve Shirt,19.99,mens-shirts,2.9,2
2026-10-04 03:12:41 UTC,87,Men Check Shirt,27.99,mens-shirts,2.72,95
2026-10-04 03:12:41 UTC,88,Nike Air Jordan 1 Red And Black,149.99,mens-shoes,4.77,7
2026-10-04 03:12:41 UTC,89,Nike Baseball Cleats,79.99,mens-shoes,3.88,12
2026-10-04 03:12:41 UTC,90,Puma Future Rider Trainers,89.99,mens-shoes,4.9,90
2026-10-04 03:12:41 UTC,91,Sports Sneakers Off White & Red,119.99,mens-shoes,4.77,17
2026-10-04 03:12:41 UTC,92,Sports Sneakers Off White Red,109.99,mens-shoes,4.69,62
2026-10-04 03:12:41 UTC,93,Brown Leather Belt Watch,89.99,mens-watches,4.19,32
2026-10-04 03:12:41 UTC,94,Longines Master Collection,1499.99,mens-watches,3.87,100
2026-10-04 03:12:41 UTC,95,Rolex Cellini Date Black Dial,8999.99,mens-watches,4.97,40
2026-10-04 03:12:41 UTC,96,Rolex Cellini Moonphase,12999.99,mens-watches,2.58,36
2026-10-04 03:12:41 UTC,97,Rolex Datejust,10999.99,mens-watches,3.66,86
2026-10-04 03:12:41 UTC,98,Rolex Submariner Watch,13999.99,mens-watches,2.69,55
2026-10-04 03:12:41 UTC,99,Amazon Echo Plus,99.99,mobile-accessories,4.99,61
2026-10-04 03:12:41 UTC,100,Apple Airpods,129.99,mobile-accessories,4.15,67
2026-10-05 00:25:55 UTC,1,Essence Mascara Lash Princess,9.99,beauty,2.56,99
2026-10-05 00:25:55 UTC,2,Eyeshadow Palette with Mirror,19.99,beauty,2.86,34
2026-10-05 00:25:55 UTC,3,Powder Canister,14.99,beauty,4.64,89
2026-10-05 00:25:55 UTC,4,Red Lipstick,12.99,beauty,4.36,91
2026-10-05 00:25:55 UTC,5,Red Nail Polish,8.99,beauty,4.32,79
2026-10-05 00:25:55 UTC,6,Calvin Klein CK One,49.99,fragrances,4.37,29
2026-10-05 00:25:55 UTC,7,Chanel Coco Noir Eau De,129.99,fragrances,4.26,58
2026-10-05 00:25:55 UTC,8,Dior J'adore,89.99,fragrances,3.8,98
2026-10-05 00:25:55 UTC,9,Dolce Shine Eau de,69.99,fragrances,3.96,4
2026-10-05 00:25:55 UTC,10,Gucci Bloom Eau de,79.99,fragrances,2.74,91
2026-10-05 00:25:55 UTC,11,Annibale Colombo Bed,1899.99,furniture,4.77,88
2026-10-05 00:25:55 UTC,12,Annibale Colombo Sofa,2499.99,furniture,3.92,60
2026-10-05 00:25:55 UTC,13,Bedside Table African Cherry,299.99,furniture,2.87,64
2026-10-05 00:25:55 UTC,14,Knoll Saarinen Executive Conference Chair,499.99,furniture,4.88,26
2026-10-05 00:25:55 UTC,15,Wooden Bathroom Sink With Mirror,799.99,furniture,3.59,7
2026-10-05 00:25:55 UTC,16,Apple,1.99,groceries,4.19,8
2026-10-05 00:25:55 UTC,17,Beef Steak,12.99,groceries,4.47,86
2026-10-05 00:25:55 UTC,18,Cat Food,8.99,groceries,3.13,46
2026-10-05 00:25:55 UTC,19,Chicken Meat,9.99,groceries,3.19,97
2026-10-05 00:25:55 UTC,20,Cooking Oil,4.99,groceries,4.8,10
2026-10-05 00:25:55 UTC,21,Cucumber,1.49,groceries,4.07,84
2026-10-05 00:25:55 UTC,22,Dog Food,10.99,groceries,4.55,71
2026-10-05 00:25:55 UTC,23,Eggs,2.99,groceries,2.53,9
2026-10-05 00:25:55 UTC,24,Fish Steak,14.99,groceries,3.78,74
2026-10-05 00:25:55 UTC,25,Green Bell Pepper,1.29,groceries,3.25,33
2026-10-05 00:25:55 UTC,26,Green Chili Pepper,0.99,groceries,3.66,3
2026-10-05 00:25:55 UTC,27,Honey Jar,6.99,groceries,3.97,34
2026-10-05 00:25:55 UTC,28,Ice Cream,5.49,groceries,3.39,27
2026-10-05 00:25:55 UTC,29,Juice,3.99,groceries,3.94,50
2026-10-05 00:25:55 UTC,30,Kiwi,2.49,groceries,4.93,99
2026-10-05 00:25:55 UTC,31,Lemon,0.79,groceries,3.53,31
2026-10-05 00:25:55 UTC,32,Milk,3.49,groceries,2.61,27
2026-10-05 00:25:55 UTC,33,Mulberry,4.99,groceries,4.95,99
2026-10-05 00:25:55 UTC,34,Nescafe Coffee,7.99,groceries,4.82,57
2026-10-05 00:25:55 UTC,35,Potatoes,2.29,groceries,4.81,13
2026-10-05 00:25:55 UTC,36,Protein Powder,19.99,groceries,4.18,80
2026-10-05 00:25:55 UTC,37,Red Onions,1.99,groceries,4.2,82
2026-10-05 00:25:55 UTC,38,Rice,5.99,groceries,3.18,59
2026-10-05 00:25:55 UTC,39,Soft Drinks,1.99,groceries,4.75,53
2026-10-05 00:25:55 UTC,40,Strawberry,3.99,groceries,3.08,46
2026-10-05 00:25:55 UTC,41,Tissue Paper Box,2.49,groceries,2.69,86
2026-10-05 00:25:55 UTC,42,Water,0.99,groceries,4.96,53
2026-10-05 00:25:55 UTC,43,Decoration Swing,59.99,home-decoration,3.16,47
2026-10-05 00:25:55 UTC,44,Family Tree Photo Frame,29.99,home-decoration,4.53,77
2026-10-05 00:25:55 UTC,45,House Showpiece Plant,39.99,home-decoration,4.67,28
2026-10-05 00:25:55 UTC,46,Plant Pot,14.99,home-decoration,3.01,59
2026-10-05 00:25:55 UTC,47,Table Lamp,49.99,home-decoration,3.55,9
2026-10-05 00:25:55 UTC,48,Bamboo Spatula,7.99,kitchen-accessories,3.27,37
2026-10-05 00:25:55 UTC,49,Black Aluminium Cup,5.99,kitchen-accessories,4.46,75
2026-10-05 00:25:55 UTC,50,Black Whisk,9.99,kitchen-accessories,3.9,73
2026-10-05 00:25:55 UTC,51,Boxed Blender,39.99,kitchen-accessories,4.56,9
2026-10-05 00:25:55 UTC,52,Carbon Steel Wok,29.99,kitchen-accessories,4.05,40
2026-10-05 00:25:55 UTC,53,Chopping Board,12.99,kitchen-accessories,3.7,14
2026-10-05 00:25:55 UTC,54,Citrus Squeezer Yellow,8.99,kitchen-accessories,4.63,22
2026-10-05 00:25:55 UTC,55,Egg Slicer,6.99,kitchen-accessories,3.09,40
2026-10-05 00:25:55 UTC,56,Electric Stove,49.99,kitchen-accessories,4.11,21
2026-10-05 00:25:55 UTC,57,Fine Mesh Strainer,9.99,kitchen-accessories,3.04,85
2026-10-05 00:25:55 UTC,58,Fork,3.99,kitchen-accessories,3.11,7
2026-10-05 00:25:55 UTC,59,Glass,4.99,kitchen-accessories,4.02,46
2026-10-05 00:25:55 UTC,60,Grater Black,10.99,kitchen-accessories,3.21,84
2026-10-05 00:25:55 UTC,61,Hand Blender,34.99,kitchen-accessories,3.86,84
2026-10-05 00:25:55 UTC,62,Ice Cube Tray,5.99,kitchen-accessories,4.71,13
2026-10-05 00:25:55 UTC,63,Kitchen Sieve,7.99,kitchen-accessories,3.09,68
2026-10-05 00:25:55 UTC,64,Knife,14.99,kitchen-accessories,3.26,7
2026-10-05 00:25:55 UTC,65,Lunch Box,12.99,kitchen-accessories,4.93,94
2026-10-05 00:25:55 UTC,66,Microwave Oven,89.99,kitchen-accessories,4.82,59
2026-10-05 00:25:55 UTC,67,Mug Tree Stand,15.99,kitchen-accessories,2.64,88
2026-10-05 00:25:55 UTC,68,Pan,24.99,kitchen-accessories,2.79,90
2026-10-05 00:25:55 UTC,69,Plate,3.99,kitchen-accessories,3.65,66
2026-10-05 00:25:55 UTC,70,Red Tongs,6.99,kitchen-accessories,4.42,82
2026-10-05 00:25:55 UTC,71,Silver Pot With Glass Cap,39.99,kitchen-accessories,3.22,40
2026-10-05 00:25:55 UTC,72,Slotted Turner,8.99,kitchen-accessories,3.4,88
2026-10-05 00:25:55 UTC,73,Spice Rack,19.99,kitchen-accessories,4.87,79
2026-10-05 00:25:55 UTC,74,Spoon,4.99,kitchen-accessories,4.03,59
2026-10-05 00:25:55 UTC,75,Tray,16.99,kitchen-accessories,4.62,71
2026-10-05 00:25:55 UTC,76,Wooden Rolling Pin,11.99,kitchen-accessories,2.92,80
2026-10-05 00:25:55 UTC,77,Yellow Peeler,5.99,kitchen-accessories,4.24,35
2026-10-05 00:25:55 UTC,78,Apple MacBook Pro 14 Inch Space Grey,1999.99,laptops,3.65,24
2026-10-05 00:25:55 UTC,79,Asus Zenbook Pro Dual Screen Laptop,1799.99,laptops,3.95,45
2026-10-05 00:25:55 UTC,80,Huawei Matebook X Pro,1399.99,laptops,4.98,75
2026-10-05 00:25:55 UTC,81,Lenovo Yoga 920,1099.99,laptops,2.86,40
2026-10-05 00:25:55 UTC,82,New DELL XPS 13 9300 Laptop,1499.99,laptops,2.67,74
2026-10-05 00:25:55 UTC,83,Blue & Black Check Shirt,29.99,mens-shirts,3.64,38
2026-10-05 00:25:55 UTC,84,Gigabyte Aorus Men Tshirt,24.99,mens-shirts,3.18,90
2026-10-05 00:25:55 UTC,85,Man Plaid Shirt,34.99,mens-shirts,3.46,82
2026-10-05 00:25:55 UTC,86,Man Short Sleeve Shirt,19.99,mens-shirts,2.9,2
2026-10-05 00:25:55 UTC,87,Men Check Shirt,27.99,mens-shirts,2.72,95
2026-10-05 00:25:55 UTC,88,Nike Air Jordan 1 Red And Black,149.99,mens-shoes,4.77,7
2026-10-05 00:25:55 UTC,89,Nike Baseball Cleats,79.99,mens-shoes,3.88,12
2026-10-05 00:25:55 UTC,90,Puma Future Rider Trainers,89.99,mens-shoes,4.9,90
2026-10-05 00:25:55 UTC,91,Sports Sneakers Off White & Red,119.99,mens-shoes,4.77,17
2026-10-05 00:25:55 UTC,92,Sports Sneakers Off White Red,109.99,mens-shoes,4.69,62
2026-10-05 00:25:55 UTC,93,Brown Leather Belt Watch,89.99,mens-watches,4.19,32
2026-10-05 00:25:55 UTC,94,Longines Master Collection,1499.99,mens-watches,3.87,100
2026-10-05 00:25:55 UTC,95,Rolex Cellini Date Black Dial,8999.99,mens-watches,4.97,40
2026-10-05 00:25:55 UTC,96,Rolex Cellini Moonphase,12999.99,mens-watches,2.58,36
2026-10-05 00:25:55 UTC,97,Rolex Datejust,10999.99,mens-watches,3.66,86
2026-10-05 00:25:55 UTC,98,Rolex Submariner Watch,13999.99,mens-watches,2.69,55
2026-10-05 00:25:55 UTC,99,Amazon Echo Plus,99.99,mobile-accessories,4.99,61
2026-10-05 00:25:55 UTC,100,Apple Airpods,129.99,mobile-accessories,4.15,67
2026-10-06 00:26:07 UTC,1,Essence Mascara Lash Princess,9.99,beauty,2.56,99
2026-10-06 00:26:07 UTC,2,Eyeshadow Palette with Mirror,19.99,beauty,2.86,34
2026-10-06 00:26:07 UTC,3,Powder Canister,14.99,beauty,4.64,89
2026-10-06 00:26:07 UTC,4,Red Lipstick,12.99,beauty,4.36,91
2026-10-06 00:26:07 UTC,5,Red Nail Polish,8.99,beauty,4.32,79
2026-10-06 00:26:07 UTC,6,Calvin Klein CK One,49.99,fragrances,4.37,29
2026-10-06 00:26:07 UTC,7,Chanel Coco Noir Eau De,129.99,fragrances,4.26,58
2026-10-06 00:26:07 UTC,8,Dior J'adore,89.99,fragrances,3.8,98
2026-10-06 00:26:07 UTC,9,Dolce Shine Eau de,69.99,fragrances,3.96,4
2026-10-06 00:26:07 UTC,10,Gucci Bloom Eau de,79.99,fragrances,2.74,91
2026-10-06 00:26:07 UTC,11,Annibale Colombo Bed,1899.99,furniture,4.77,88
2026-10-06 00:26:07 UTC,12,Annibale Colombo Sofa,2499.99,furniture,3.92,60
2026-10-06 00:26:07 UTC,13,Bedside Table African Cherry,299.99,furniture,2.87,64
2026-10-06 00:26:07 UTC,14,Knoll Saarinen Executive Conference Chair,499.99,furniture,4.88,26
2026-10-06 00:26:07 UTC,15,Wooden Bathroom Sink With Mirror,799.99,furniture,3.59,7
2026-10-06 00:26:07 UTC,16,Apple,1.99,groceries,4.19,8
2026-10-06 00:26:07 UTC,17,Beef Steak,12.99,groceries,4.47,86
2026-10-06 00:26:07 UTC,18,Cat Food,8.99,groceries,3.13,46
2026-10-06 00:26:07 UTC,19,Chicken Meat,9.99,groceries,3.19,97
2026-10-06 00:26:07 UTC,20,Cooking Oil,4.99,groceries,4.8,10
2026-10-06 00:26:07 UTC,21,Cucumber,1.49,groceries,4.07,84
2026-10-06 00:26:07 UTC,22,Dog Food,10.99,groceries,4.55,71
2026-10-06 00:26:07 UTC,23,Eggs,2.99,groceries,2.53,9
2026-10-06 00:26:07 UTC,24,Fish Steak,14.99,groceries,3.78,74
2026-10-06 00:26:07 UTC,25,Green Bell Pepper,1.29,groceries,3.25,33
2026-10-06 00:26:07 UTC,26,Green Chili Pepper,0.99,groceries,3.66,3
2026-10-06 00:26:07 UTC,27,Honey Jar,6.99,groceries,3.97,34
2026-10-06 00:26:07 UTC,28,Ice Cream,5.49,groceries,3.39,27
2026-10-06 00:26:07 UTC,29,Juice,3.99,groceries,3.94,50
2026-10-06 00:26:07 UTC,30,Kiwi,2.49,groceries,4.93,99
2026-10-06 00:26:07 UTC,31,Lemon,0.79,groceries,3.53,31
2026-10-06 00:26:07 UTC,32,Milk,3.49,groceries,2.61,27
2026-10-06 00:26:07 UTC,33,Mulberry,4.99,groceries,4.95,99
2026-10-06 00:26:07 UTC,34,Nescafe Coffee,7.99,groceries,4.82,57
2026-10-06 00:26:07 UTC,35,Potatoes,2.29,groceries,4.81,13
2026-10-06 00:26:07 UTC,36,Protein Powder,19.99,groceries,4.18,80
2026-10-06 00:26:07 UTC,37,Red Onions,1.99,groceries,4.2,82
2026-10-06 00:26:07 UTC,38,Rice,5.99,groceries,3.18,59
2026-10-06 00:26:07 UTC,39,Soft Drinks,1.99,groceries,4.75,53
2026-10-06 00:26:07 UTC,40,Strawberry,3.99,groceries,3.08,46
2026-10-06 00:26:07 UTC,41,Tissue Paper Box,2.49,groceries,2.69,86
2026-10-06 00:26:07 UTC,42,Water,0.99,groceries,4.96,53
2026-10-06 00:26:07 UTC,43,Decoration Swing,59.99,home-decoration,3.16,47
2026-10-06 00:26:07 UTC,44,Family Tree Photo Frame,29.99,home-decoration,4.53,77
2026-10-06 00:26:07 UTC,45,House Showpiece Plant,39.99,home-decoration,4.67,28
2026-10-06 00:26:07 UTC,46,Plant Pot,14.99,home-decoration,3.01,59
2026-10-06 00:26:07 UTC,47,Table Lamp,49.99,home-decoration,3.55,9
2026-10-06 00:26:07 UTC,48,Bamboo Spatula,7.99,kitchen-accessories,3.27,37
2026-10-06 00:26:07 UTC,49,Black Aluminium Cup,5.99,kitchen-accessories,4.46,75
2026-10-06 00:26:07 UTC,50,Black Whisk,9.99,kitchen-accessories,3.9,73
2026-10-06 00:26:07 UTC,51,Boxed Blender,39.99,kitchen-accessories,4.56,9
2026-10-06 00:26:07 UTC,52,Carbon Steel Wok,29.99,kitchen-accessories,4.05,40
2026-10-06 00:26:07 UTC,53,Chopping Board,12.99,kitchen-accessories,3.7,14
2026-10-06 00:26:07 UTC,54,Citrus Squeezer Yellow,8.99,kitchen-accessories,4.63,22
2026-10-06 00:26:07 UTC,55,Egg Slicer,6.99,kitchen-accessories,3.09,40
2026-10-06 00:26:07 UTC,56,Electric Stove,49.99,kitchen-accessories,4.11,21
2026-10-06 00:26:07 UTC,57,Fine Mesh Strainer,9.99,kitchen-accessories,3.04,85
2026-10-06 00:26:07 UTC,58,Fork,3.99,kitchen-accessories,3.11,7
2026-10-06 00:26:07 UTC,59,Glass,4.99,kitchen-accessories,4.02,46
2026-10-06 00:26:07 UTC,60,Grater Black,10.99,kitchen-accessories,3.21,84
2026-10-06 00:26:07 UTC,61,Hand Blender,34.99,kitchen-accessories,3.86,84
2026-10-06 00:26:07 UTC,62,Ice Cube Tray,5.99,kitchen-accessories,4.71,13
2026-10-06 00:26:07 UTC,63,Kitchen Sieve,7.99,kitchen-accessories,3.09,68
2026-10-06 00:26:07 UTC,64,Knife,14.99,kitchen-accessories,3.26,7
2026-10-06 00:26:07 UTC,65,Lunch Box,12.99,kitchen-accessories,4.93,94
2026-10-06 00:26:07 UTC,66,Microwave Oven,89.99,kitchen-accessories,4.82,59
2026-10-06 00:26:07 UTC,67,Mug Tree Stand,15.99,kitchen-accessories,2.64,88
2026-10-06 00:26:07 UTC,68,Pan,24.99,kitchen-accessories,2.79,90
2026-10-06 00:26:07 UTC,69,Plate,3.99,kitchen-accessories,3.65,66
2026-10-06 00:26:07 UTC,70,Red Tongs,6.99,kitchen-accessories,4.42,82
2026-10-06 00:26:07 UTC,71,Silver Pot With Glass Cap,39.99,kitchen-accessories,3.22,40
2026-10-06 00:26:07 UTC,72,Slotted Turner,8.99,kitchen-accessories,3.4,88
2026-10-06 00:26:07 UTC,73,Spice Rack,19.99,kitchen-accessories,4.87,79
2026-10-06 00:26:07 UTC,74,Spoon,4.99,kitchen-accessories,4.03,59
2026-10-06 00:26:07 UTC,75,Tray,16.99,kitchen-accessories,4.62,71
2026-10-06 00:26:07 UTC,76,Wooden Rolling Pin,11.99,kitchen-accessories,2.92,80
2026-10-06 00:26:07 UTC,77,Yellow Peeler,5.99,kitchen-accessories,4.24,35
2026-10-06 00:26:07 UTC,78,Apple MacBook Pro 14 Inch Space Grey,1999.99,laptops,3.65,24
2026-10-06 00:26:07 UTC,79,Asus Zenbook Pro Dual Screen Laptop,1799.99,laptops,3.95,45
2026-10-06 00:26:07 UTC,80,Huawei Matebook X Pro,1399.99,laptops,4.98,75
2026-10-06 00:26:07 UTC,81,Lenovo Yoga 920,1099.99,laptops,2.86,40
2026-10-06 00:26:07 UTC,82,New DELL XPS 13 9300 Laptop,1499.99,laptops,2.67,74
2026-10-06 00:26:07 UTC,83,Blue & Black Check Shirt,29.99,mens-shirts,3.64,38
2026-10-06 00:26:07 UTC,84,Gigabyte Aorus Men Tshirt,24.99,mens-shirts,3.18,90
2026-10-06 00:26:07 UTC,85,Man Plaid Shirt,34.99,mens-shirts,3.46,82
2026-10-06 00:26:07 UTC,86,Man Short Sleeve Shirt,19.99,mens-shirts,2.9,2
2026-10-06 00:26:07 UTC,87,Men Check Shirt,27.99,mens-shirts,2.72,95
2026-10-06 00:26:07 UTC,88,Nike Air Jordan 1 Red And Black,149.99,mens-shoes,4.77,7
2026-10-06 00:26:07 UTC,89,Nike Baseball Cleats,79.99,mens-shoes,3.88,12
2026-10-06 00:26:07 UTC,90,Puma Future Rider Trainers,89.99,mens-shoes,4.9,90
2026-10-06 00:26:07 UTC,91,Sports Sneakers Off White & Red,119.99,mens-shoes,4.77,17
2026-10-06 00:26:07 UTC,92,Sports Sneakers Off White Red,109.99,mens-shoes,4.69,62
2026-10-06 00:26:07 UTC,93,Brown Leather Belt Watch,89.99,mens-watches,4.19,32
2026-10-06 00:26:07 UTC,94,Longines Master Collection,1499.99,mens-watches,3.87,100
2026-10-06 00:26:07 UTC,95,Rolex Cellini Date Black Dial,8999.99,mens-watches,4.97,40
2026-10-06 00:26:07 UTC,96,Rolex Cellini Moonphase,12999.99,mens-watches,2.58,36
2026-10-06 00:26:07 UTC,97,Rolex Datejust,10999.99,mens-watches,3.66,86
2026-10-06 00:26:07 UTC,98,Rolex Submariner Watch,13999.99,mens-watches,2.69,55
2026-10-06 00:26:07 UTC,99,Amazon Echo Plus,99.99,mobile-accessories,4.99,61
2026-10-06 00:26:07 UTC,100,Apple Airpods,129.99,mobile-accessories,4.15,67
2026-10-07 00:26:34 UTC,1,Essence Mascara Lash Princess,9.99,beauty,2.56,99
2026-10-07 00:26:34 UTC,2,Eyeshadow Palette with Mirror,19.99,beauty,2.86,34
2026-10-07 00:26:34 UTC,3,Powder Canister,14.99,beauty,4.64,89
2026-10-07 00:26:34 UTC,4,Red Lipstick,12.99,beauty,4.36,91
2026-10-07 00:26:34 UTC,5,Red Nail Polish,8.99,beauty,4.32,79
2026-10-07 00:26:34 UTC,6,Calvin Klein CK One,49.99,fragrances,4.37,29
2026-10-07 00:26:34 UTC,7,Chanel Coco Noir Eau De,129.99,fragrances,4.26,58
2026-10-07 00:26:34 UTC,8,Dior J'adore,89.99,fragrances,3.8,98
2026-10-07 00:26:34 UTC,9,Dolce Shine Eau de,69.99,fragrances,3.96,4
2026-10-07 00:26:34 UTC,10,Gucci Bloom Eau de,79.99,fragrances,2.74,91
2026-10-07 00:26:34 UTC,11,Annibale Colombo Bed,1899.99,furniture,4.77,88
2026-10-07 00:26:34 UTC,12,Annibale Colombo Sofa,2499.99,furniture,3.92,60
2026-10-07 00:26:34 UTC,13,Bedside Table African Cherry,299.99,furniture,2.87,64
2026-10-07 00:26:34 UTC,14,Knoll Saarinen Executive Conference Chair,499.99,furniture,4.88,26
2026-10-07 00:26:34 UTC,15,Wooden Bathroom Sink With Mirror,799.99,furniture,3.59,7
2026-10-07 00:26:34 UTC,16,Apple,1.99,groceries,4.19,8
2026-10-07 00:26:34 UTC,17,Beef Steak,12.99,groceries,4.47,86
2026-10-07 00:26:34 UTC,18,Cat Food,8.99,groceries,3.13,46
2026-10-07 00:26:34 UTC,19,Chicken Meat,9.99,groceries,3.19,97
2026-10-07 00:26:34 UTC,20,Cooking Oil,4.99,groceries,4.8,10
2026-10-07 00:26:34 UTC,21,Cucumber,1.49,groceries,4.07,84
2026-10-07 00:26:34 UTC,22,Dog Food,10.99,groceries,4.55,71
2026-10-07 00:26:34 UTC,23,Eggs,2.99,groceries,2.53,9
2026-10-07 00:26:34 UTC,24,Fish Steak,14.99,groceries,3.78,74
2026-10-07 00:26:34 UTC,25,Green Bell Pepper,1.29,groceries,3.25,33
2026-10-07 00:26:34 UTC,26,Green Chili Pepper,0.99,groceries,3.66,3
2026-10-07 00:26:34 UTC,27,Honey Jar,6.99,groceries,3.97,34
2026-10-07 00:26:34 UTC,28,Ice Cream,5.49,groceries,3.39,27
2026-10-07 00:26:34 UTC,29,Juice,3.99,groceries,3.94,50
2026-10-07 00:26:34 UTC,30,Kiwi,2.49,groceries,4.93,99
2026-10-07 00:26:34 UTC,31,Lemon,0.79,groceries,3.53,31
2026-10-07 00:26:34 UTC,32,Milk,3.49,groceries,2.61,27
2026-10-07 00:26:34 UTC,33,Mulberry,4.99,groceries,4.95,99
2026-10-07 00:26:34 UTC,34,Nescafe Coffee,7.99,groceries,4.82,57
2026-10-07 00:26:34 UTC,35,Potatoes,2.29,groceries,4.81,13
2026-10-07 00:26:34 UTC,36,Protein Powder,19.99,groceries,4.18,80
2026-10-07 00:26:34 UTC,37,Red Onions,1.99,groceries,4.2,82
2026-10-07 00:26:34 UTC,38,Rice,5.99,groceries,3.18,59
2026-10-07 00:26:34 UTC,39,Soft Drinks,1.99,groceries,4.75,53
2026-10-07 00:26:34 UTC,40,Strawberry,3.99,groceries,3.08,46
2026-10-07 00:26:34 UTC,41,Tissue Paper Box,2.49,groceries,2.69,86
2026-10-07 00:26:34 UTC,42,Water,0.99,groceries,4.96,53
2026-10-07 00:26:34 UTC,43,Decoration Swing,59.99,home-decoration,3.16,47
2026-10-07 00:26:34 UTC,44,Family Tree Photo Frame,29.99,home-decoration,4.53,77
2026-10-07 00:26:34 UTC,45,House Showpiece Plant,39.99,home-decoration,4.67,28
2026-10-07 00:26:34 UTC,46,Plant Pot,14.99,home-decoration,3.01,59
2026-10-07 00:26:34 UTC,47,Table Lamp,49.99,home-decoration,3.55,9
2026-10-07 00:26:34 UTC,48,Bamboo Spatula,7.99,kitchen-accessories,3.27,37
2026-10-07 00:26:34 UTC,49,Black Aluminium Cup,5.99,kitchen-accessories,4.46,75
2026-10-07 00:26:34 UTC,50,Black Whisk,9.99,kitchen-accessories,3.9,73
2026-10-07 00:26:34 UTC,51,Boxed Blender,39.99,kitchen-accessories,4.56,9
2026-10-07 00:26:34 UTC,52,Carbon Steel Wok,29.99,kitchen-accessories,4.05,40
2026-10-07 00:26:34 UTC,53,Chopping Board,12.99,kitchen-accessories,3.7,14
2026-10-07 00:26:34 UTC,54,Citrus Squeezer Yellow,8.99,kitchen-accessories,4.63,22
2026-10-07 00:26:34 UTC,55,Egg Slicer,6.99,kitchen-accessories,3.09,40
2026-10-07 00:26:34 UTC,56,Electric Stove,49.99,kitchen-accessories,4.11,21
2026-10-07 00:26:34 UTC,57,Fine Mesh Strainer,9.99,kitchen-accessories,3.04,85
2026-10-07 00:26:34 UTC,58,Fork,3.99,kitchen-accessories,3.11,7
2026-10-07 00:26:34 UTC,59,Glass,4.99,kitchen-accessories,4.02,46
2026-10-07 00:26:34 UTC,60,Grater Black,10.99,kitchen-accessories,3.21,84
2026-10-07 00:26:34 UTC,61,Hand Blender,34.99,kitchen-accessories,3.86,84
2026-10-07 00:26:34 UTC,62,Ice Cube Tray,5.99,kitchen-accessories,4.71,13
2026-10-07 00:26:34 UTC,63,Kitchen Sieve,7.99,kitchen-accessories,3.09,68
2026-10-07 00:26:34 UTC,64,Knife,14.99,kitchen-accessories,3.26,7
2026-10-07 00:26:34 UTC,65,Lunch Box,12.99,kitchen-accessories,4.93,94
2026-10-07 00:26:34 UTC,66,Microwave Oven,89.99,kitchen-accessories,4.82,59
2026-10-07 00:26:34 UTC,67,Mug Tree Stand,15.99,kitchen-accessories,2.64,88
2026-10-07 00:26:34 UTC,68,Pan,24.99,kitchen-accessories,2.79,90
2026-10-07 00:26:34 UTC,69,Plate,3.99,kitchen-accessories,3.65,66
2026-10-07 00:26:34 UTC,70,Red Tongs,6.99,kitchen-accessories,4.42,82
2026-10-07 00:26:34 UTC,71,Silver Pot With Glass Cap,39.99,kitchen-accessories,3.22,40
2026-10-07 00:26:34 UTC,72,Slotted Turner,8.99,kitchen-accessories,3.4,88
2026-10-07 00:26:34 UTC,73,Spice Rack,19.99,kitchen-accessories,4.87,79
2026-10-07 00:26:34 UTC,74,Spoon,4.99,kitchen-accessories,4.03,59
2026-10-07 00:26:34 UTC,75,Tray,16.99,kitchen-accessories,4.62,71
2026-10-07 00:26:34 UTC,76,Wooden Rolling Pin,11.99,kitchen-accessories,2.92,80
2026-10-07 00:26:34 UTC,77,Yellow Peeler,5.99,kitchen-accessories,4.24,35
2026-10-07 00:26:34 UTC,78,Apple MacBook Pro 14 Inch Space Grey,1999.99,laptops,3.65,24
2026-10-07 00:26:34 UTC,79,Asus Zenbook Pro Dual Screen Laptop,1799.99,laptops,3.95,45
2026-10-07 00:26:34 UTC,80,Huawei Matebook X Pro,1399.99,laptops,4.98,75
2026-10-07 00:26:34 UTC,81,Lenovo Yoga 920,1099.99,laptops,2.86,40
2026-10-07 00:26:34 UTC,82,New DELL XPS 13 9300 Laptop,1499.99,laptops,2.67,74
2026-10-07 00:26:34 UTC,83,Blue & Black Check Shirt,29.99,mens-shirts,3.64,38
2026-10-07 00:26:34 UTC,84,Gigabyte Aorus Men Tshirt,24.99,mens-shirts,3.18,90
2026-10-07 00:26:34 UTC,85,Man Plaid Shirt,34.99,mens-shirts,3.46,82
2026-10-07 00:26:34 UTC,86,Man Short Sleeve Shirt,19.99,mens-shirts,2.9,2
2026-10-07 00:26:34 UTC,87,Men Check Shirt,27.99,mens-shirts,2.72,95
2026-10-07 00:26:34 UTC,88,Nike Air Jordan 1 Red And Black,149.99,mens-shoes,4.77,7
2026-10-07 00:26:34 UTC,89,Nike Baseball Cleats,79.99,mens-shoes,3.88,12
2026-10-07 00:26:34 UTC,90,Puma Future Rider Trainers,89.99,mens-shoes,4.9,90
2026-10-07 00:26:34 UTC,91,Sports Sneakers Off White & Red,119.99,mens-shoes,4.77,17
2026-10-07 00:26:34 UTC,92,Sports Sneakers Off White Red,109.99,mens-shoes,4.69,62
2026-10-07 00:26:34 UTC,93,Brown Leather Belt Watch,89.99,mens-watches,4.19,32
2026-10-07 00:26:34 UTC,94,Longines Master Collection,1499.99,mens-watches,3.87,100
2026-10-07 00:26:34 UTC,95,Rolex Cellini Date Black Dial,8999.99,mens-watches,4.97,40
2026-10-07 00:26:34 UTC,96,Rolex Cellini Moonphase,12999.99,mens-watches,2.58,36
2026-10-07 00:26:34 UTC,97,Rolex Datejust,10999.99,mens-watches,3.66,86
2026-10-07 00:26:34 UTC,98,Rolex Submariner Watch,13999.99,mens-watches,2.69,55
2026-10-07 00:26:34 UTC,99,Amazon Echo Plus,99.99,mobile-accessories,4.99,61
2026-10-07 00:26:34 UTC,100,Apple Airpods,129.99,mobile-accessories,4.15,67
2026-10-08 00:25:04 UTC,1,Essence Mascara Lash Princess,9.99,beauty,2.56,99
2026-10-08 00:25:04 UTC,2,Eyeshadow Palette with Mirror,19.99,beauty,2.86,34
2026-10-08 00:25:04 UTC,3,Powder Canister,14.99,beauty,4.64,89
2026-10-08 00:25:04 UTC,4,Red Lipstick,12.99,beauty,4.36,91
2026-10-08 00:25:04 UTC,5,Red Nail Polish,8.99,beauty,4.32,79
2026-10-08 00:25:04 UTC,6,Calvin Klein CK One,49.99,fragrances,4.37,29
2026-10-08 00:25:04 UTC,7,Chanel Coco Noir Eau De,129.99,fragrances,4.26,58
2026-10-08 00:25:04 UTC,8,Dior J'adore,89.99,fragrances,3.8,98
2026-10-08 00:25:04 UTC,9,Dolce Shine Eau de,69.99,fragrances,3.96,4
2026-10-08 00:25:04 UTC,10,Gucci Bloom Eau de,79.99,fragrances,2.74,91
2026-10-08 00:25:04 UTC,11,Annibale Colombo Bed,1899.99,furniture,4.77,88
2026-10-08 00:25:04 UTC,12,Annibale Colombo Sofa,2499.99,furniture,3.92,60
2026-10-08 00:25:04 UTC,13,Bedside Table African Cherry,299.99,furniture,2.87,64
2026-10-08 00:25:04 UTC,14,Knoll Saarinen Executive Conference Chair,499.99,furniture,4.88,26
2026-10-08 00:25:04 UTC,15,Wooden Bathroom Sink With Mirror,799.99,furniture,3.59,7
2026-10-08 00:25:04 UTC,16,Apple,1.99,groceries,4.19,8
2026-10-08 00:25:04 UTC,17,Beef Steak,12.99,groceries,4.47,86
2026-10-08 00:25:04 UTC,18,Cat Food,8.99,groceries,3.13,46
2026-10-08 00:25:04 UTC,19,Chicken Meat,9.99,groceries,3.19,97
2026-10-08 00:25:04 UTC,20,Cooking Oil,4.99,groceries,4.8,10
2026-10-08 00:25:04 UTC,21,Cucumber,1.49,groceries,4.07,84
2026-10-08 00:25:04 UTC,22,Dog Food,10.99,groceries,4.55,71
2026-10-08 00:25:04 UTC,23,Eggs,2.99,groceries,2.53,9
2026-10-08 00:25:04 UTC,24,Fish Steak,14.99,groceries,3.78,74
2026-10-08 00:25:04 UTC,25,Green Bell Pepper,1.29,groceries,3.25,33
2026-10-08 00:25:04 UTC,26,Green Chili Pepper,0.99,groceries,3.66,3
2026-10-08 00:25:04 UTC,27,Honey Jar,6.99,groceries,3.97,34
2026-10-08 00:25:04 UTC,28,Ice Cream,5.49,groceries,3.39,27
2026-10-08 00:25:04 UTC,29,Juice,3.99,groceries,3.94,50
2026-10-08 00:25:04 UTC,30,Kiwi,2.49,groceries,4.93,99
2026-10-08 00:25:04 UTC,31,Lemon,0.79,groceries,3.53,31
2026-10-08 00:25:04 UTC,32,Milk,3.49,groceries,2.61,27
2026-10-08 00:25:04 UTC,33,Mulberry,4.99,groceries,4.95,99
2026-10-08 00:25:04 UTC,34,Nescafe Coffee,7.99,groceries,4.82,57
2026-10-08 00:25:04 UTC,35,Potatoes,2.29,groceries,4.81,13
2026-10-08 00:25:04 UTC,36,Protein Powder,19.99,groceries,4.18,80
2026-10-08 00:25:04 UTC,37,Red Onions,1.99,groceries,4.2,82
2026-10-08 00:25:04 UTC,38,Rice,5.99,groceries,3.18,59
2026-10-08 00:25:04 UTC,39,Soft Drinks,1.99,groceries,4.75,53
2026-10-08 00:25:04 UTC,40,Strawberry,3.99,groceries,3.08,46
2026-10-08 00:25:04 UTC,41,Tissue Paper Box,2.49,groceries,2.69,86
2026-10-08 00:25:04 UTC,42,Water,0.99,groceries,4.96,53
2026-10-08 00:25:04 UTC,43,Decoration Swing,59.99,home-decoration,3.16,47
2026-10-08 00:25:04 UTC,44,Family Tree Photo Frame,29.99,home-decoration,4.53,77
2026-10-08 00:25:04 UTC,45,House Showpiece Plant,39.99,home-decoration,4.67,28
2026-10-08 00:25:04 UTC,46,Plant Pot,14.99,home-decoration,3.01,59
2026-10-08 00:25:04 UTC,47,Table Lamp,49.99,home-decoration,3.55,9
2026-10-08 00:25:04 UTC,48,Bamboo Spatula,7.99,kitchen-accessories,3.27,37
2026-10-08 00:25:04 UTC,49,Black Aluminium Cup,5.99,kitchen-accessories,4.46,75
2026-10-08 00:25:04 UTC,50,Black Whisk,9.99,kitchen-accessories,3.9,73
2026-10-08 00:25:04 UTC,51,Boxed Blender,39.99,kitchen-accessories,4.56,9
2026-10-08 00:25:04 UTC,52,Carbon Steel Wok,29.99,kitchen-accessories,4.05,40
2026-10-08 00:25:04 UTC,53,Chopping Board,12.99,kitchen-accessories,3.7,14
2026-10-08 00:25:04 UTC,54,Citrus Squeezer Yellow,8.99,kitchen-accessories,4.63,22
2026-10-08 00:25:04 UTC,55,Egg Slicer,6.99,kitchen-accessories,3.09,40
2026-10-08 00:25:04 UTC,56,Electric Stove,49.99,kitchen-accessories,4.11,21
2026-10-08 00:25:04 UTC,57,Fine Mesh Strainer,9.99,kitchen-accessories,3.04,85
2026-10-08 00:25:04 UTC,58,Fork,3.99,kitchen-accessories,3.11,7
2026-10-08 00:25:04 UTC,59,Glass,4.99,kitchen-accessories,4.02,46
2026-10-08 00:25:04 UTC,60,Grater Black,10.99,kitchen-accessories,3.21,84
2026-10-08 00:25:04 UTC,61,Hand Blender,34.99,kitchen-accessories,3.86,84
2026-10-08 00:25:04 UTC,62,Ice Cube Tray,5.99,kitchen-accessories,4.71,13
2026-10-08 00:25:04 UTC,63,Kitchen Sieve,7.99,kitchen-accessories,3.09,68
2026-10-08 00:25:04 UTC,64,Knife,14.99,kitchen-accessories,3.26,7
2026-10-08 00:25:04 UTC,65,Lunch Box,12.99,kitchen-accessories,4.93,94
2026-10-08 00:25:04 UTC,66,Microwave Oven,89.99,kitchen-accessories,4.82,59
2026-10-08 00:25:04 UTC,67,Mug Tree Stand,15.99,kitchen-accessories,2.64,88
2026-10-08 00:25:04 UTC,68,Pan,24.99,kitchen-accessories,2.79,90
2026-10-08 00:25:04 UTC,69,Plate,3.99,kitchen-accessories,3.65,66
2026-10-08 00:25:04 UTC,70,Red Tongs,6.99,kitchen-accessories,4.42,82
2026-10-08 00:25:04 UTC,71,Silver Pot With Glass Cap,39.99,kitchen-accessories,3.22,40
2026-10-08 00:25:04 UTC,72,Slotted Turner,8.99,kitchen-accessories,3.4,88
2026-10-08 00:25:04 UTC,73,Spice Rack,19.99,kitchen-accessories,4.87,79
2026-10-08 00:25:04 UTC,74,Spoon,4.99,kitchen-accessories,4.03,59
2026-10-08 00:25:04 UTC,75,Tray,16.99,kitchen-accessories,4.62,71
2026-10-08 00:25:04 UTC,76,Wooden Rolling Pin,11.99,kitchen-accessories,2.92,80
2026-10-08 00:25:04 UTC,77,Yellow Peeler,5.99,kitchen-accessories,4.24,35
2026-10-08 00:25:04 UTC,78,Apple MacBook Pro 14 Inch Space Grey,1999.99,laptops,3.65,24
2026-10-08 00:25:04 UTC,79,Asus Zenbook Pro Dual Screen Laptop,1799.99,laptops,3.95,45
2026-10-08 00:25:04 UTC,80,Huawei Matebook X Pro,1399.99,laptops,4.98,75
2026-10-08 00:25:04 UTC,81,Lenovo Yoga 920,1099.99,laptops,2.86,40
2026-10-08 00:25:04 UTC,82,New DELL XPS 13 9300 Laptop,1499.99,laptops,2.67,74
2026-10-08 00:25:04 UTC,83,Blue & Black Check Shirt,29.99,mens-shirts,3.64,38
2026-10-08 00:25:04 UTC,84,Gigabyte Aorus Men Tshirt,24.99,mens-shirts,3.18,90
2026-10-08 00:25:04 UTC,85,Man Plaid Shirt,34.99,mens-shirts,3.46,82
2026-10-08 00:25:04 UTC,86,Man Short Sleeve Shirt,19.99,mens-shirts,2.9,2
2026-10-08 00:25:04 UTC,87,Men Check Shirt,27.99,mens-shirts,2.72,95
2026-10-08 00:25:04 UTC,88,Nike Air Jordan 1 Red And Black,149.99,mens-shoes,4.77,7
2026-10-08 00:25:04 UTC,89,Nike Baseball Cleats,79.99,mens-shoes,3.88,12
2026-10-08 00:25:04 UTC,90,Puma Future Rider Trainers,89.99,mens-shoes,4.9,90
2026-10-08 00:25:04 UTC,91,Sports Sneakers Off White & Red,119.99,mens-shoes,4.77,17
2026-10-08 00:25:04 UTC,92,Sports Sneakers Off White Red,109.99,mens-shoes,4.69,62
2026-10-08 00:25:04 UTC,93,Brown Leather Belt Watch,89.99,mens-watches,4.19,32
2026-10-08 00:25:04 UTC,94,Longines Master Collection,1499.99,mens-watches,3.87,100
2026-10-08 00:25:04 UTC,95,Rolex Cellini Date Black Dial,8999.99,mens-watches,4.97,40
2026-10-08 00:25:04 UTC,96,Rolex Cellini Moonphase,12999.99,mens-watches,2.58,36
2026-10-08 00:25:04 UTC,97,Rolex Datejust,10999.99,mens-watches,3.66,86
2026-10-08 00:25:04 UTC,98,Rolex Submariner Watch,13999.99,mens-watches,2.69,55
2026-10-08 00:25:04 UTC,99,Amazon Echo Plus,99.99,mobile-accessories,4.99,61
2026-10-08 00:25:04 UTC,100,Apple Airpods,129.99,mobile-accessories,4.15,67
2026-10-09 00:28:14 UTC,1,Essence Mascara Lash Princess,9.99,beauty,2.56,99
2026-10-09 00:28:14 UTC,2,Eyeshadow Palette with Mirror,19.99,beauty,2.86,34
2026-10-09 00:28:14 UTC,3,Powder Canister,14.99,beauty,4.64,89
2026-10-09 00:28:14 UTC,4,Red Lipstick,12.99,beauty,4.36,91
2026-10-09 00:28:14 UTC,5,Red Nail Polish,8.99,beauty,4.32,79
2026-10-09 00:28:14 UTC,6,Calvin Klein CK One,49.99,fragrances,4.37,29
2026-10-09 00:28:14 UTC,7,Chanel Coco Noir Eau De,129.99,fragrances,4.26,58
2026-10-09 00:28:14 UTC,8,Dior J'adore,89.99,fragrances,3.8,98
2026-10-09 00:28:14 UTC,9,Dolce Shine Eau de,69.99,fragrances,3.96,4
2026-10-09 00:28:14 UTC,10,Gucci Bloom Eau de,79.99,fragrances,2.74,91
2026-10-09 00:28:14 UTC,11,Annibale Colombo Bed,1899.99,furniture,4.77,88
2026-10-09 00:28:14 UTC,12,Annibale Colombo Sofa,2499.99,furniture,3.92,60
2026-10-09 00:28:14 UTC,13,Bedside Table African Cherry,299.99,furniture,2.87,64
2026-10-09 00:28:14 UTC,14,Knoll Saarinen Executive Conference Chair,499.99,furniture,4.88,26
2026-10-09 00:28:14 UTC,15,Wooden Bathroom Sink With Mirror,799.99,furniture,3.59,7
2026-10-09 00:28:14 UTC,16,Apple,1.99,groceries,4.19,8
2026-10-09 00:28:14 UTC,17,Beef Steak,12.99,groceries,4.47,86
2026-10-09 00:28:14 UTC,18,Cat Food,8.99,groceries,3.13,46
2026-10-09 00:28:14 UTC,19,Chicken Meat,9.99,groceries,3.19,97
2026-10-09 00:28:14 UTC,20,Cooking Oil,4.99,groceries,4.8,10
2026-10-09 00:28:14 UTC,21,Cucumber,1.49,groceries,4.07,84
2026-10-09 00:28:14 UTC,22,Dog Food,10.99,groceries,4.55,71
2026-10-09 00:28:14 UTC,23,Eggs,2.99,groceries,2.53,9
2026-10-09 00:28:14 UTC,24,Fish Steak,14.99,groceries,3.78,74
2026-10-09 00:28:14 UTC,25,Green Bell Pepper,1.29,groceries,3.25,33
2026-10-09 00:28:14 UTC,26,Green Chili Pepper,0.99,groceries,3.66,3
2026-10-09 00:28:14 UTC,27,Honey Jar,6.99,groceries,3.97,34
2026-10-09 00:28:14 UTC,28,Ice Cream,5.49,groceries,3.39,27
2026-10-09 00:28:14 UTC,29,Juice,3.99,groceries,3.94,50
2026-10-09 00:28:14 UTC,30,Kiwi,2.49,groceries,4.93,99
2026-10-09 00:28:14 UTC,31,Lemon,0.79,groceries,3.53,31
2026-10-09 00:28:14 UTC,32,Milk,3.49,groceries,2.61,27
2026-10-09 00:28:14 UTC,33,Mulberry,4.99,groceries,4.95,99
2026-10-09 00:28:14 UTC,34,Nescafe Coffee,7.99,groceries,4.82,57
2026-10-09 00:28:14 UTC,35,Potatoes,2.29,groceries,4.81,13
2026-10-09 00:28:14 UTC,36,Protein Powder,19.99,groceries,4.18,80
2026-10-09 00:28:14 UTC,37,Red Onions,1.99,groceries,4.2,82
2026-10-09 00:28:14 UTC,38,Rice,5.99,groceries,3.18,59
2026-10-09 00:28:14 UTC,39,Soft Drinks,1.99,groceries,4.75,53
2026-10-09 00:28:14 UTC,40,Strawberry,3.99,groceries,3.08,46
2026-10-09 00:28:14 UTC,41,Tissue Paper Box,2.49,groceries,2.69,86
2026-10-09 00:28:14 UTC,42,Water,0.99,groceries,4.96,53
2026-10-09 00:28:14 UTC,43,Decoration Swing,59.99,home-decoration,3.16,47
2026-10-09 00:28:14 UTC,44,Family Tree Photo Frame,29.99,home-decoration,4.53,77
2026-10-09 00:28:14 UTC,45,House Showpiece Plant,39.99,home-decoration,4.67,28
2026-10-09 00:28:14 UTC,46,Plant Pot,14.99,home-decoration,3.01,59
2026-10-09 00:28:14 UTC,47,Table Lamp,49.99,home-decoration,3.55,9
2026-10-09 00:28:14 UTC,48,Bamboo Spatula,7.99,kitchen-accessories,3.27,37
2026-10-09 00:28:14 UTC,49,Black Aluminium Cup,5.99,kitchen-accessories,4.46,75
2026-10-09 00:28:14 UTC,50,Black Whisk,9.99,kitchen-accessories,3.9,73
2026-10-09 00:28:14 UTC,51,Boxed Blender,39.99,kitchen-accessories,4.56,9
2026-10-09 00:28:14 UTC,52,Carbon Steel Wok,29.99,kitchen-accessories,4.05,40
2026-10-09 00:28:14 UTC,53,Chopping Board,12.99,kitchen-accessories,3.7,14
2026-10-09 00:28:14 UTC,54,Citrus Squeezer Yellow,8.99,kitchen-accessories,4.63,22
2026-10-09 00:28:14 UTC,55,Egg Slicer,6.99,kitchen-accessories,3.09,40
2026-10-09 00:28:14 UTC,56,Electric Stove,49.99,kitchen-accessories,4.11,21
2026-10-09 00:28:14 UTC,57,Fine Mesh Strainer,9.99,kitchen-accessories,3.04,85
2026-10-09 00:28:14 UTC,58,Fork,3.99,kitchen-accessories,3.11,7
2026-10-09 00:28:14 UTC,59,Glass,4.99,kitchen-accessories,4.02,46
2026-10-09 00:28:14 UTC,60,Grater Black,10.99,kitchen-accessories,3.21,84
2026-10-09 00:28:14 UTC,61,Hand Blender,34.99,kitchen-accessories,3.86,84
2026-10-09 00:28:14 UTC,62,Ice Cube Tray,5.99,kitchen-accessories,4.71,13
2026-10-09 00:28:14 UTC,63,Kitchen Sieve,7.99,kitchen-accessories,3.09,68
2026-10-09 00:28:14 UTC,64,Knife,14.99,kitchen-accessories,3.26,7
2026-10-09 00:28:14 UTC,65,Lunch Box,12.99,kitchen-accessories,4.93,94
2026-10-09 00:28:14 UTC,66,Microwave Oven,89.99,kitchen-accessories,4.82,59
2026-10-09 00:28:14 UTC,67,Mug Tree Stand,15.99,kitchen-accessories,2.64,88
2026-10-09 00:28:14 UTC,68,Pan,24.99,kitchen-accessories,2.79,90
2026-10-09 00:28:14 UTC,69,Plate,3.99,kitchen-accessories,3.65,66
2026-10-09 00:28:14 UTC,70,Red Tongs,6.99,kitchen-accessories,4.42,82
2026-10-09 00:28:14 UTC,71,Silver Pot With Glass Cap,39.99,kitchen-accessories,3.22,40
2026-10-09 00:28:14 UTC,72,Slotted Turner,8.99,kitchen-accessories,3.4,88
2026-10-09 00:28:14 UTC,73,Spice Rack,19.99,kitchen-accessories,4.87,79
2026-10-09 00:28:14 UTC,74,Spoon,4.99,kitchen-accessories,4.03,59
2026-10-09 00:28:14 UTC,75,Tray,16.99,kitchen-accessories,4.62,71
2026-10-09 00:28:14 UTC,76,Wooden Rolling Pin,11.99,kitchen-accessories,2.92,80
2026-10-09 00:28:14 UTC,77,Yellow Peeler,5.99,kitchen-accessories,4.24,35
2026-10-09 00:28:14 UTC,78,Apple MacBook Pro 14 Inch Space Grey,1999.99,laptops,3.65,24
2026-10-09 00:28:14 UTC,79,Asus Zenbook Pro Dual Screen Laptop,1799.99,laptops,3.95,45
2026-10-09 00:28:14 UTC,80,Huawei Matebook X Pro,1399.99,laptops,4.98,75
2026-10-09 00:28:14 UTC,81,Lenovo Yoga 920,1099.99,laptops,2.86,40
2026-10-09 00:28:14 UTC,82,New DELL XPS 13 9300 Laptop,1499.99,laptops,2.67,74
2026-10-09 00:28:14 UTC,83,Blue & Black Check Shirt,29.99,mens-shirts,3.64,38
2026-10-09 00:28:14 UTC,84,Gigabyte Aorus Men Tshirt,24.99,mens-shirts,3.18,90
2026-10-09 00:28:14 UTC,85,Man Plaid Shirt,34.99,mens-shirts,3.46,82
2026-10-09 00:28:14 UTC,86,Man Short Sleeve Shirt,19.99,mens-shirts,2.9,2
2026-10-09 00:28:14 UTC,87,Men Check Shirt,27.99,mens-shirts,2.72,95
2026-10-09 00:28:14 UTC,88,Nike Air Jordan 1 Red And Black,149.99,mens-shoes,4.77,7
2026-10-09 00:28:14 UTC,89,Nike Baseball Cleats,79.99,mens-shoes,3.88,12
2026-10-09 00:28:14 UTC,90,Puma Future Rider Trainers,89.99,mens-shoes,4.9,90
2026-10-09 00:28:14 UTC,91,Sports Sneakers Off White & Red,119.99,mens-shoes,4.77,17
2026-10-09 00:28:14 UTC,92,Sports Sneakers Off White Red,109.99,mens-shoes,4.69,62
2026-10-09 00:28:14 UTC,93,Brown Leather Belt Watch,89.99,mens-watches,4.19,32
2026-10-09 00:28:14 UTC,94,Longines Master Collection,1499.99,mens-watches,3.87,100
2026-10-09 00:28:14 UTC,95,Rolex Cellini Date Black Dial,8999.99,mens-watches,4.97,40
2026-10-09 00:28:14 UTC,96,Rolex Cellini Moonphase,12999.99,mens-watches,2.58,36
2026-10-09 00:28:14 UTC,97,Rolex Datejust,10999.99,mens-watches,3.66,86
2026-10-09 00:28:14 UTC,98,Rolex Submariner Watch,13999.99,mens-watches,2.69,55
2026-10-09 00:28:14 UTC,99,Amazon Echo Plus,99.99,mobile-accessories,4.99,61
2026-10-09 00:28:14 UTC,100,Apple Airpods,129.99,mobile-accessories,4.15,67
2026-10-10 00:26:10 UTC,1,Essence Mascara Lash Princess,9.99,beauty,2.56,99
2026-10-10 00:26:10 UTC,2,Eyeshadow Palette with Mirror,19.99,beauty,2.86,34
2026-10-10 00:26:10 UTC,3,Powder Canister,14.99,beauty,4.64,89
2026-10-10 00:26:10 UTC,4,Red Lipstick,12.99,beauty,4.36,91
2026-10-10 00:26:10 UTC,5,Red Nail Polish,8.99,beauty,4.32,79
2026-10-10 00:26:10 UTC,6,Calvin Klein CK One,49.99,fragrances,4.37,29
2026-10-10 00:26:10 UTC,7,Chanel Coco Noir Eau De,129.99,fragrances,4.26,58
2026-10-10 00:26:10 UTC,8,Dior J'adore,89.99,fragrances,3.8,98
2026-10-10 00:26:10 UTC,9,Dolce Shine Eau de,69.99,fragrances,3.96,4
2026-10-10 00:26:10 UTC,10,Gucci Bloom Eau de,79.99,fragrances,2.74,91
2026-10-10 00:26:10 UTC,11,Annibale Colombo Bed,1899.99,furniture,4.77,88
2026-10-10 00:26:10 UTC,12,Annibale Colombo Sofa,2499.99,furniture,3.92,60
2026-10-10 00:26:10 UTC,13,Bedside Table African Cherry,299.99,furniture,2.87,64
2026-10-10 00:26:10 UTC,14,Knoll Saarinen Executive Conference Chair,499.99,furniture,4.88,26
2026-10-10 00:26:10 UTC,15,Wooden Bathroom Sink With Mirror,799.99,furniture,3.59,7
2026-10-10 00:26:10 UTC,16,Apple,1.99,groceries,4.19,8
2026-10-10 00:26:10 UTC,17,Beef Steak,12.99,groceries,4.47,86
2026-10-10 00:26:10 UTC,18,Cat Food,8.99,groceries,3.13,46
2026-10-10 00:26:10 UTC,19,Chicken Meat,9.99,groceries,3.19,97
2026-10-10 00:26:10 UTC,20,Cooking Oil,4.99,groceries,4.8,10
2026-10-10 00:26:10 UTC,21,Cucumber,1.49,groceries,4.07,84
2026-10-10 00:26:10 UTC,22,Dog Food,10.99,groceries,4.55,71
2026-10-10 00:26:10 UTC,23,Eggs,2.99,groceries,2.53,9
2026-10-10 00:26:10 UTC,24,Fish Steak,14.99,groceries,3.78,74
2026-10-10 00:26:10 UTC,25,Green Bell Pepper,1.29,groceries,3.25,33
2026-10-10 00:26:10 UTC,26,Green Chili Pepper,0.99,groceries,3.66,3
2026-10-10 00:26:10 UTC,27,Honey Jar,6.99,groceries,3.97,34
2026-10-10 00:26:10 UTC,28,Ice Cream,5.49,groceries,3.39,27
2026-10-10 00:26:10 UTC,29,Juice,3.99,groceries,3.94,50
2026-10-10 00:26:10 UTC,30,Kiwi,2.49,groceries,4.93,99
2026-10-10 00:26:10 UTC,31,Lemon,0.79,groceries,3.53,31
2026-10-10 00:26:10 UTC,32,Milk,3.49,groceries,2.61,27
2026-10-10 00:26:10 UTC,33,Mulberry,4.99,groceries,4.95,99
2026-10-10 00:26:10 UTC,34,Nescafe Coffee,7.99,groceries,4.82,57
2026-10-10 00:26:10 UTC,35,Potatoes,2.29,groceries,4.81,13
2026-10-10 00:26:10 UTC,36,Protein Powder,19.99,groceries,4.18,80
2026-10-10 00:26:10 UTC,37,Red Onions,1.99,groceries,4.2,82
2026-10-10 00:26:10 UTC,38,Rice,5.99,groceries,3.18,59
2026-10-10 00:26:10 UTC,39,Soft Drinks,1.99,groceries,4.75,53
2026-10-10 00:26:10 UTC,40,Strawberry,3.99,groceries,3.08,46
2026-10-10 00:26:10 UTC,41,Tissue Paper Box,2.49,groceries,2.69,86
2026-10-10 00:26:10 UTC,42,Water,0.99,groceries,4.96,53
2026-10-10 00:26:10 UTC,43,Decoration Swing,59.99,home-decoration,3.16,47
2026-10-10 00:26:10 UTC,44,Family Tree Photo Frame,29.99,home-decoration,4.53,77
2026-10-10 00:26:10 UTC,45,House Showpiece Plant,39.99,home-decoration,4.67,28
2026-10-10 00:26:10 UTC,46,Plant Pot,14.99,home-decoration,3.01,59
2026-10-10 00:26:10 UTC,47,Table Lamp,49.99,home-decoration,3.55,9
2026-10-10 00:26:10 UTC,48,Bamboo Spatula,7.99,kitchen-accessories,3.27,37
2026-10-10 00:26:10 UTC,49,Black Aluminium Cup,5.99,kitchen-accessories,4.46,75
2026-10-10 00:26:10 UTC,50,Black Whisk,9.99,kitchen-accessories,3.9,73
2026-10-10 00:26:10 UTC,51,Boxed Blender,39.99,kitchen-accessories,4.56,9
2026-10-10 00:26:10 UTC,52,Carbon Steel Wok,29.99,kitchen-accessories,4.05,40
2026-10-10 00:26:10 UTC,53,Chopping Board,12.99,kitchen-accessories,3.7,14
2026-10-10 00:26:10 UTC,54,Citrus Squeezer Yellow,8.99,kitchen-accessories,4.63,22
2026-10-10 00:26:10 UTC,55,Egg Slicer,6.99,kitchen-accessories,3.09,40
2026-10-10 00:26:10 UTC,56,Electric Stove,49.99,kitchen-accessories,4.11,21
2026-10-10 00:26:10 UTC,57,Fine Mesh Strainer,9.99,kitchen-accessories,3.04,85
2026-10-10 00:26:10 UTC,58,Fork,3.99,kitchen-accessories,3.11,7
2026-10-10 00:26:10 UTC,59,Glass,4.99,kitchen-accessories,4.02,46
2026-10-10 00:26:10 UTC,60,Grater Black,10.99,kitchen-accessories,3.21,84
2026-10-10 00:26:10 UTC,61,Hand Blender,34.99,kitchen-accessories,3.86,84
2026-10-10 00:26:10 UTC,62,Ice Cube Tray,5.99,kitchen-accessories,4.71,13
2026-10-10 00:26:10 UTC,63,Kitchen Sieve,7.99,kitchen-accessories,3.09,68
2026-10-10 00:26:10 UTC,64,Knife,14.99,kitchen-accessories,3.26,7
2026-10-10 00:26:10 UTC,65,Lunch Box,12.99,kitchen-accessories,4.93,94
2026-10-10 00:26:10 UTC,66,Microwave Oven,89.99,kitchen-accessories,4.82,59
2026-10-10 00:26:10 UTC,67,Mug Tree Stand,15.99,kitchen-accessories,2.64,88
2026-10-10 00:26:10 UTC,68,Pan,24.99,kitchen-accessories,2.79,90
2026-10-10 00:26:10 UTC,69,Plate,3.99,kitchen-accessories,3.65,66
2026-10-10 00:26:10 UTC,70,Red Tongs,6.99,kitchen-accessories,4.42,82
2026-10-10 00:26:10 UTC,71,Silver Pot With Glass Cap,39.99,kitchen-accessories,3.22,40
2026-10-10 00:26:10 UTC,72,Slotted Turner,8.99,kitchen-accessories,3.4,88
2026-10-10 00:26:10 UTC,73,Spice Rack,19.99,kitchen-accessories,4.87,79
2026-10-10 00:26:10 UTC,74,Spoon,4.99,kitchen-accessories,4.03,59
2026-10-10 00:26:10 UTC,75,Tray,16.99,kitchen-accessories,4.62,71
2026-10-10 00:26:10 UTC,76,Wooden Rolling Pin,11.99,kitchen-accessories,2.92,80
2026-10-10 00:26:10 UTC,77,Yellow Peeler,5.99,kitchen-accessories,4.24,35
2026-10-10 00:26:10 UTC,78,Apple MacBook Pro 14 Inch Space Grey,1999.99,laptops,3.65,24
2026-10-10 00:26:10 UTC,79,Asus Zenbook Pro Dual Screen Laptop,1799.99,laptops,3.95,45
2026-10-10 00:26:10 UTC,80,Huawei Matebook X Pro,1399.99,laptops,4.98,75
2026-10-10 00:26:10 UTC,81,Lenovo Yoga 920,1099.99,laptops,2.86,40
2026-10-10 00:26:10 UTC,82,New DELL XPS 13 9300 Laptop,1499.99,laptops,2.67,74
2026-10-10 00:26:10 UTC,83,Blue & Black Check Shirt,29.99,mens-shirts,3.64,38
2026-10-10 00:26:10 UTC,84,Gigabyte Aorus Men Tshirt,24.99,mens-shirts,3.18,90
2026-10-10 00:26:10 UTC,85,Man Plaid Shirt,34.99,mens-shirts,3.46,82
2026-10-10 00:26:10 UTC,86,Man Short Sleeve Shirt,19.99,mens-shirts,2.9,2
2026-10-10 00:26:10 UTC,87,Men Check Shirt,27.99,mens-shirts,2.72,95
2026-10-10 00:26:10 UTC,88,Nike Air Jordan 1 Red And Black,149.99,mens-shoes,4.77,7
2026-10-10 00:26:10 UTC,89,Nike Baseball Cleats,79.99,mens-shoes,3.88,12
2026-10-10 00:26:10 UTC,90,Puma Future Rider Trainers,89.99,mens-shoes,4.9,90
2026-10-10 00:26:10 UTC,91,Sports Sneakers Off White & Red,119.99,mens-shoes,4.77,17
2026-10-10 00:26:10 UTC,92,Sports Sneakers Off White Red,109.99,mens-shoes,4.69,62
2026-10-10 00:26:10 UTC,93,Brown Leather Belt Watch,89.99,mens-watches,4.19,32
2026-10-10 00:26:10 UTC,94,Longines Master Collection,1499.99,mens-watches,3.87,100
2026-10-10 00:26:10 UTC,95,Rolex Cellini Date Black Dial,8999.99,mens-watches,4.97,40
2026-10-10 00:26:10 UTC,96,Rolex Cellini Moonphase,12999.99,mens-watches,2.58,36
2026-10-10 00:26:10 UTC,97,Rolex Datejust,10999.99,mens-watches,3.66,86
2026-10-10 00:26:10 UTC,98,Rolex Submariner Watch,13999.99,mens-watches,2.69,55
2026-10-10 00:26:10 UTC,99,Amazon Echo Plus,99.99,mobile-accessories,4.99,61
2026-10-10 00:26:10 UTC,100,Apple Airpods,129.99,mobile-accessories,4.15,67
